17.78;17.89;17.63;17.7;696731
17.75;17.79;17.66;17.73;722335
17.7;17.74;17.65;17.69;2469697
17.73;18.2;17.7;18.18;1968230
18.1;18.59;18.08;18.5;3614518
18.49;18.55;18.36;18.5;1924135
18.45;18.49;18.06;18.2;1558878
18.21;18.39;18;18.22;1111689
18.19;18.19;17.91;18.12;792368
18.04;18.45;18.04;18.45;1090083
18.3;18.4;18.1;18.4;2016670
18.3;18.82;18.26;18.82;3306538
18.6;18.78;18.55;18.6;1494003
18.58;18.59;18.2;18.45;1110043
18.44;18.61;18.3;18.42;1677549
18.43;18.74;18.35;18.61;1808297
18.55;18.99;18.51;18.88;3457215
18.7;18.91;18.6;18.8;1082596
18.8;18.84;18.61;18.75;1124632
18.71;18.9;18.71;18.8;1148606
18.63;18.81;18.59;18.6;751693
18.66;18.73;18.6;18.6;936249
18.61;18.7;18.43;18.52;535356
18.4;18.48;17.75;17.95;931228
17.9;18.05;17.85;18;897654
17.9;17.98;17.58;17.9;1792570
17.65;17.9;17.65;17.7;448121
17.8;18.45;17.72;18.11;621623
18.03;18.6;18.03;18.55;494529
18.58;18.77;18.5;18.64;1093458
18.52;19.18;18.52;19.18;2157870
18.5;19.15;18.5;19.06;1446029
18.81;19.05;18.81;18.95;649975
18.95;19;18.82;18.97;436054
18.9;18.95;18.45;18.5;531503
18.4;18.9;18.01;18.66;709371
18.71;18.89;18.3;18.41;493828
18.25;18.75;18.25;18.5;514883
18.5;18.85;18.45;18.79;168764
18.57;18.75;18.5;18.69;390935
18.61;18.8;18.54;18.8;432287
18.7;18.95;18.7;18.95;454754
18.86;19.06;18.85;19.05;568503
18.88;19.05;18.7;18.7;1940751
18.7;18.92;18.48;18.78;1321550
18.75;18.87;18.53;18.7;799167
18.7;18.95;18.7;18.85;529669
18.95;19.03;18.65;18.85;995258
18.8;18.98;18.53;18.58;857642
18.65;18.8;18.59;18.6;711998
18.6;18.9;18.58;18.74;725999
18.66;19.08;18.63;19.08;878510
19;19.2;18.84;19.2;2202084
18.8;19.75;18.8;19.55;2346566
19.62;20.18;19.62;19.9;3621731
20.15;20.18;19.51;19.99;2324627
19.9;20.39;19.62;20.35;1840994
20.05;20.74;20.01;20.7;1988132
20.49;21.09;20.48;20.96;2755211
21;21.01;20.62;20.86;1909087
20.69;21.52;20.69;21.48;1946819
21.44;22;21.31;21.88;1825776
21.71;22.6;21.71;22.6;2092409
22.29;22.44;21.88;21.92;2243870
21.82;21.95;21.11;21.42;1102598
21;22.04;21;21.8;1223292
21.72;21.8;21.41;21.41;1369462
21.46;22.04;21.46;21.93;1041046
21.78;22.35;21.52;21.7;1048967
21.61;21.9;21.5;21.5;342859
21.95;22.14;21.6;21.89;980909
21.9;22.27;21.84;22.16;1331640
22.29;23.01;22.26;22.9;2234561
23.02;23.17;22.13;22.5;702377
22.5;22.95;22.46;22.9;532113
22.85;23.5;22.65;23.32;1006429
23.2;24;23.11;23.25;1216257
23.25;23.5;23.2;23.35;699450
23.2;23.38;22.95;22.95;606807
23;23.5;22.51;23.4;624788
23.4;23.95;23.31;23.47;622534
23.4;23.82;22.95;23;566311
23;23.5;22.9;23.46;604749
23.5;23.7;23.06;23.17;517123
23.25;23.48;22.5;22.5;787252
22.56;23.2;22.56;23.2;538991
23.28;23.3;22.65;22.87;584986
23.05;23.45;22.75;23.38;431618
23.02;23.58;23.02;23.58;292270
23.16;24.24;23.16;24.12;588001
23.93;24.09;23.4;23.7;4386591
23.6;24;23.52;23.65;423803
23.52;23.85;23.46;23.85;228356
23.5;23.93;23.25;23.25;507371
23.28;23.55;23;23.07;763690
23.03;23.55;23.01;23.4;400818
23.35;23.85;23.1;23.77;458030
23.67;24.2;23.61;24.15;2365640
24.05;24.4;23.65;24.15;1983018
24;24.58;24;24.35;875085
24.25;24.5;24;24.2;403321
24.15;24.3;23.5;23.8;499555
23.6;23.85;23.52;23.85;760021
23.8;24.2;23.7;23.9;869194
23.8;24.5;23.8;24.5;530685
23.77;24.2;23.77;24.04;264134
24;24.04;23.25;23.29;1070409
23.3;23.57;23.1;23.1;719512
23.1;24.19;23.1;24.01;857627
23.5;23.92;23.25;23.92;405678
23.8;24.1;23.61;23.9;727980
23.71;24.7;23.7;24.7;680335
24.5;24.5;23.5;23.7;640834
23.64;24;23.25;23.25;737024
23.2;23.3;22.1;22.62;1401857
22.65;23.17;22.32;22.85;896135
22.99;23.2;22.85;23.06;762367
23;23.9;22.97;23.15;1032238
22.91;23.25;22.12;22.58;852158
22.35;23.2;22.21;23.2;716921
23;23.1;21.3;22.1;1027563
22.13;23.25;21.5;23.25;1036519
21.52;22.75;21.52;22.2;1228388
21.86;22.68;21.75;21.79;455460
22.15;22.5;21.7;22.5;973909
22.5;23.1;22.1;22.8;589820
22.5;22.55;20.25;20.85;1257392
20.92;21.25;19.97;20.07;1207344
20.12;20.87;20.12;20.26;759787
20.7;21.31;20.3;21;1019288
21;21.5;20.8;21;722948
21.06;21.3;20.5;20.5;865569
21.7;21.8;20.9;21.1;3761308
21;21.1;20.65;20.71;1594941
21.7;21.7;20.88;21;992664
21.01;21.2;20.19;20.5;1127003
20.48;20.8;19.55;20.25;1027898
20.1;21.44;20.1;20.89;1038515
20.76;21;20.2;20.4;739705
20.8;20.8;19.25;19.25;1482267
19;19.68;18.6;18.9;1121373
18.9;19.34;18.6;18.6;1770990
18;18;16.2;17.75;4591917
18.8;19.3;18.6;18.6;1643480
18.51;19.2;18.51;18.75;1491431
19;20.24;19;20;1222470
20.4;20.75;20.1;20.19;1182389
20.79;20.99;20.2;20.9;1211947
20.7;21.2;20.05;20.1;1490028
20;20.85;20;20.43;1064827
20.05;21.3;20.05;21;26751181
20.45;21.83;20.25;21.5;4589540
21.51;21.9;20.3;20.3;4076780
20.9;21.45;20.79;21.3;1517006
21.76;22.37;21.41;22.33;1366525
22.1;22.45;21.91;22.2;1124245
22.2;23.4;21.91;23;1785238
22.41;22.96;22;22;1544966
22.46;22.99;22.4;22.75;918594
22.75;22.83;21.57;22.1;1593562
21.75;23;21.75;23;769204
22.6;23.05;22.5;22.8;1540097
22.9;23.05;22.35;22.62;1500188
22.9;22.98;22.63;22.9;970545
22.95;23.32;22.72;22.85;1354645
22.85;23.47;22.7;23.1;762024
23.11;23.25;22.7;22.7;1220992
22.38;22.6;21.7;22.08;1605021
21.85;22.06;21.12;21.6;1130762
21.9;22.35;21.45;21.9;977079
21.8;22.1;21.32;21.4;1078559
21.22;21.22;19.92;20.11;2525464
19.7;20.5;19.61;19.85;2018652
20.15;20.33;18.75;19.54;1492980
19.78;20.32;19.4;19.75;1080508
19.8;19.95;19.03;19.6;972472
19.85;20.39;19.72;20.06;545345
20.39;21.15;19.81;20.7;881311
19.74;20.45;18.42;18.65;4391272
18.67;18.67;17.77;18.06;3617999
18.54;18.85;18.1;18.5;1188352
19.12;19.3;18.25;18.34;1151708
18.05;18.59;17.62;17.67;2139191
17.91;18.2;17.01;17.2;1561307
17.2;17.8;17.05;17.14;1568505
17.26;17.75;16.48;16.8;1125201
16.9;17.19;16;16.75;1802083
16.37;17.35;15.75;16.01;1684310
16.37;16.89;16.3;16.5;1730818
16.55;17.32;16.2;16.97;1510684
16.51;16.75;15.41;15.56;1310662
15.59;16.1;15.45;15.81;946532
16.3;17;16.22;16.88;984360
16.86;16.86;16.07;16.4;1397701
16.4;16.61;15.1;15.49;2037364
15.6;15.6;14.41;14.41;1460100
14.7;14.84;13.98;14.5;2297008
14.3;14.9;13.46;14.24;1868508
14.24;15.2;14.1;14.96;1418425
15.1;16.9;14.98;16.35;1997534
16.45;16.51;15.76;16;1208933
16.3;17.98;16.3;17.73;1891429
17.31;18.6;17.13;17.75;2526757
18.2;18.63;17.8;18.48;1508523
18.75;18.8;17.83;18.24;1084155
17.96;18.2;17.23;17.4;1628676
17.9;18.16;17.32;17.32;1064733
17.79;17.79;16.5;16.67;1578788
16.81;17.68;16.55;16.85;717034
16.5;16.96;16.11;16.28;1164483
17.4;17.51;16.65;16.78;848868
17.09;17.25;16.03;16.03;686594
16.27;16.59;16.11;16.32;1104574
16.09;17.09;15.76;16.52;1502716
16.56;16.7;15.9;16.18;608466
16.31;17.48;16.3;17.15;1560649
17.13;18.05;16.88;17.79;703072
18.39;18.85;17.75;18.15;1741247
18.48;18.48;16.8;17.24;1131405
17.24;17.6;16.74;16.74;923036
16.8;16.89;16.33;16.77;572223
16.5;17.45;16.45;17.27;650019
17.08;17.43;16.83;17.29;416072
17.38;18.35;16.93;18.01;951108
18;18.22;17.35;17.89;582994
17.9;18.12;17.65;18.01;360418
17.8;17.85;16.84;17.38;1026388
17.55;17.71;16.87;17;1244752
17.79;18.17;17.53;17.82;1666974
18.05;18.2;17.66;18.05;950677
18.5;19;17;17.4;2911064
17.25;17.5;16.5;16.81;2662615
17.4;17.4;16.53;16.75;3665301
16.52;17.5;16.1;16.21;2811389
16.3;16.5;16.12;16.38;1483133
16.4;17.15;16.32;16.32;1550645
16.41;16.6;15.42;15.5;1693795
15.66;16.15;15.32;16.02;1862035
16.16;16.55;15.85;16.19;1350317
16.2;16.23;15.03;15.54;4062368
15.98;15.98;15.2;15.7;1885901
15.84;16.25;15.68;15.9;2583397
16.1;16.1;15.7;15.8;1140718
16;16;15.15;15.3;2041499
15.32;15.35;14.55;15.15;2021711
14.9;15.05;14.12;14.86;4604917
15;15.4;14.75;15.22;6214975
15;15.26;15;15.1;2204033
15.3;15.32;14.8;14.91;2641751
15.15;15.19;14.91;15.1;1599889
15.09;15.09;14.75;14.83;1302403
15.07;15.07;14.52;14.8;678221
14.52;14.7;14.32;14.61;807734
14.6;14.6;14.12;14.34;1236111
14.34;14.55;14.2;14.38;1053746
14.16;14.86;14.16;14.86;996056
14.95;14.95;14.49;14.57;2091578
14.5;14.6;14.2;14.38;1153629
14.39;14.44;14.25;14.32;1342615
14.22;14.3;14.1;14.3;2018645
14.19;14.55;14.06;14.5;1402653
14.45;15.4;14.4;15.19;3236148
15.27;15.45;15;15.35;1036134
15.4;15.5;15.07;15.1;1247307
15.05;15.3;15.05;15.25;1350739
15.11;15.7;15.11;15.68;2192505
15.43;15.61;14.95;15;1680307
14.95;15.09;14.8;14.94;422782
14.94;15.15;14.81;14.9;1920369
14.82;15;14.62;14.71;1664937
14.9;14.9;14.62;14.75;872245
14.75;14.88;14.62;14.79;1160052
14.6;14.8;14.22;14.35;2037619
14.37;14.55;14.25;14.46;1979792
14.3;14.46;14.1;14.4;1430680
14.4;14.64;14.26;14.49;1049370
14.3;14.56;14.22;14.32;1295933
14.45;14.58;14.25;14.36;974585
14.48;14.48;14.05;14.22;1022064
14.22;14.65;14.16;14.56;2896067
14.27;14.5;14.08;14.32;1152465
14.23;14.48;14.16;14.25;1072749
14.2;14.35;14.11;14.29;1829919
14.3;14.55;14.23;14.5;1043255
14.25;14.45;14.2;14.3;934551
14.15;14.45;14.11;14.45;930010
14.45;14.8;14.36;14.65;2352362
14.68;14.9;14.63;14.8;409850
14.8;14.95;14.65;14.9;604142
14.82;14.84;14.42;14.55;869390
14.55;14.77;14.15;14.35;1079796
14.3;14.6;14.15;14.43;1864133
14.26;14.4;14.04;14.17;880354
14.05;14.19;13.94;13.96;914077
14;14.05;13.56;13.91;1645988
13.76;14.12;13.71;13.95;1898249
13.95;13.99;13.65;13.85;1734649
14;14.49;13.85;14.2;3577046
14.15;14.2;13.61;13.65;1714706
13.51;13.8;13.35;13.62;1402527
13.58;13.84;13.4;13.8;1422404
13.73;14.05;13.41;13.69;2096895
13.6;13.8;13.01;13.1;2130634
13;13.09;12.55;12.65;1640195
12.56;13.09;12.56;13;2150963
13;13.3;12.93;13.18;1830958
13.45;14.3;13.25;14.3;5343243
14.07;14.4;13.77;14.39;1617484
14.39;14.62;13.94;14.1;2943013
14.1;14.43;13.88;14.27;1415893
14.23;14.4;13.78;14;1293088
14.24;14.43;14;14.43;1550089
14.2;14.32;13.85;13.85;1569190
13.83;14.16;13.59;14.15;1474908
14.1;14.3;14.01;14.2;1645247
14.25;14.47;14.19;14.31;1549047
14.15;14.68;14.06;14.63;2310435
14.22;14.49;14.17;14.27;1826706
14.38;14.5;14.21;14.43;976924
14.59;15.05;14.59;14.78;2461410
15;15.14;14.63;14.65;1317062
14.79;15.19;14.7;15;2048610
15.25;15.69;15.01;15.5;4281097
15.5;15.6;15.06;15.26;4279526
15.16;15.8;15.08;15.25;3672231
15.2;15.69;15.2;15.51;3639349
15.52;16.3;15.51;15.8;4220998
15.8;16.11;15.5;15.87;2623192
16.02;16.49;16.02;16.03;3232846
16.48;16.48;15.55;15.73;2390590
15.55;16.07;15.5;15.94;1794908
16;16.07;15.7;15.9;1263417
16;16.65;16;16.65;2454783
16.6;16.74;16.11;16.21;1662128
16.19;16.45;15.96;16;1690223
15.96;16.3;15.85;16.17;1396250
16.17;16.46;15.95;16;2690997
16.18;16.65;16.05;16.49;2677364
16.28;16.66;16.2;16.52;1012212
16.6;16.75;16.35;16.45;1184061
16.6;16.95;16.38;16.85;1827281
16.97;17.2;16.7;16.74;1600149
16.85;16.87;16.27;16.5;1272152
16.4;16.8;16.4;16.69;1590469
16.7;17.08;16.7;16.85;1525990
16.94;17.14;16.7;17.08;1797633
17.07;17.49;17.07;17.48;2275035
17.32;17.86;17.21;17.41;2815887
17.48;17.5;16.65;17.08;2713691
16.5;16.7;16.05;16.05;2907832
16;16.28;15.94;16.22;2189648
15.8;16.34;15.37;16.34;6700170
16;16.85;16;16.48;2695652
16.47;17.6;16.3;17.6;3408764
17.3;17.69;16.98;16.98;1579507
16.73;16.9;16.3;16.88;2365335
16.99;17.54;16.7;17.41;3218139
17.45;17.51;16.93;17.22;3317946
17.3;17.8;17.25;17.8;15338883
17.79;18.31;17.58;18.1;3575726
18;18.15;17.7;18.12;3118369
17.8;18.08;17.51;17.61;3247400
17.77;17.77;16.91;17.27;4457500
17.3;17.55;17.08;17.27;3482818
16.96;17.44;16.85;17.36;2045628
17.36;17.47;17.05;17.2;2661667
17.33;17.46;17.15;17.15;2135594
17.42;17.5;17.2;17.5;2213622
17.34;18.07;17.34;17.71;2711655
17.56;18;17.46;17.99;1936218
17.93;18.2;17.42;17.64;2801824
17.62;17.77;17.47;17.77;1903724
17.01;17.19;16.79;16.82;5782627
16.8;17.1;16.8;17.1;5213129
17;17.03;16.55;16.76;2992694
16.83;16.85;16.55;16.8;6197371
16.8;17.21;16.71;17.14;8244116
17.03;17.23;16.9;17;20312789
17;17.08;16.77;16.85;7388178
16.75;16.94;16.44;16.55;9785001
16.5;16.65;16.03;16.21;4795083
16.45;16.72;16.36;16.63;3765197
16.38;16.7;16.38;16.59;5270440
16.55;16.71;16.54;16.65;3032956
16.8;17.1;16.72;17.06;6639806
17.05;17.25;16.91;16.96;4471314
17.04;17.05;16.74;16.8;3473840
16.65;16.91;16.59;16.6;3325435
16.51;16.75;16.48;16.64;3946396
16.64;17.15;16.64;17.04;3466396
16.85;17.4;16.85;17.28;6059518
17.31;17.52;17.13;17.31;5435376
17.03;17.3;16.95;17.14;3295005
17.22;17.22;16.83;16.98;3491436
16.98;17.15;16.67;16.85;2763271
16.77;16.94;16.62;16.81;2512398
16.81;17;16.8;16.82;1998343
16.65;16.93;16.58;16.89;4736334
16.7;16.87;16.59;16.69;2046642
16.72;17.09;16.72;17.02;3602302
16.85;17.05;16.72;16.82;4322561
16.7;17.13;16.7;17.09;3431302
17.01;17.26;16.9;16.93;5836015
16.83;17.1;16.83;16.97;3894773
16.82;17.19;16.76;16.95;2142192
17.1;17.69;16.94;17.55;6960072
17.56;17.9;17.36;17.76;7387021
17.83;18.08;17.75;18;6329323
18.05;18.34;17.92;17.95;4907035
18.15;18.15;17.87;17.93;1597176
17.87;18.2;17.87;18.13;2834593
18.16;18.2;17.73;17.87;3500866
17.85;18.38;17.75;18.18;3486219
18.25;18.78;18.2;18.7;3362419
18.7;18.7;18.4;18.52;2229803
18.52;18.69;18.36;18.5;2095029
18.32;18.46;17.99;18.2;2933476
18.21;18.29;18.02;18.12;3160178
18.01;18.1;17.88;18.05;2426406
17.9;17.95;17.66;17.75;874805
17.76;17.89;17.37;17.45;1983592
17.5;17.85;17.43;17.43;2287754
17.45;17.69;17.36;17.48;3278038
17.48;17.59;17.2;17.3;3178735
17.45;17.7;17.42;17.46;1082843
17.47;17.57;17.1;17.16;3171273
17.29;17.62;17.26;17.3;5724102
17.39;17.47;17.12;17.36;3061684
17.28;17.49;17.28;17.38;2315217
17.3;17.82;17.3;17.7;4415671
17.8;17.94;17.42;17.52;3876289
17.4;17.58;16.95;17.12;5461636
17.03;17.29;16.95;17.11;2447647
17.01;17.12;16.85;16.92;5533019
17;17.19;16.89;16.96;2504484
17;17.37;16.94;17.35;4346679
17.51;17.62;17.32;17.53;4795559
17.5;17.77;17.41;17.7;3538444
17.7;17.71;17.22;17.32;3495208
17.22;17.27;16.97;17.04;4593608
17.1;17.38;16.88;17.2;3900959
17.21;17.35;16.84;16.95;2883867
16.85;17.14;16.8;17.1;3497500
16.91;17.11;16.87;17.01;2128188
17.14;17.2;16.66;16.68;3288829
16.71;16.94;16.4;16.73;4096990
16.75;17.06;16.6;17.04;3284567
17.05;17.2;16.7;16.73;3355379
16.85;17.13;16.78;16.97;2708658
16.87;17.15;16.83;17.04;1661914
17.15;17.15;16.85;17;1468913
17.04;17.25;16.79;16.8;2169921
16.91;17.44;16.76;17.39;5367427
17.35;17.71;17.28;17.69;5045252
17.7;17.9;17.52;17.8;2476501
17.8;17.84;17.52;17.6;2518617
17.65;17.97;17.64;17.86;3324802
17.75;18.02;17.67;17.9;5153157
17.99;18.39;17.87;17.95;6469065
17.95;18.74;17.88;18.59;6517620
18.86;19.05;18.52;18.75;5045286
18.76;18.83;18.15;18.3;5080466
17.9;18.27;17.9;18.07;2530037
18.1;18.25;17.48;17.68;7325360
17.5;17.72;17.4;17.72;8272433
17.68;18.2;17.67;18.2;6413192
18.25;18.38;18.09;18.12;5762000
18.11;18.36;17.96;18.09;6596333
18.14;18.35;17.97;18.27;4411705
18.32;18.74;18.32;18.69;4525253
18.63;18.68;18.35;18.37;3970769
18.23;18.44;18.23;18.23;3100051
18.35;18.49;18.2;18.22;3303797
18.15;18.74;18.08;18.29;8647282
18.2;18.52;18.12;18.4;2548054
18.29;18.45;18.17;18.25;1281736
18.25;18.29;18.05;18.15;1758439
18.29;18.35;18.02;18.2;3480218
18.06;18.51;18.06;18.37;3879033
18.05;18.24;17.93;17.99;2577225
18.17;18.2;17.93;18.07;2914231
17.73;18.09;17.72;17.9;3084992
17.74;17.94;17.4;17.94;7011520
17.91;18.03;17.84;17.98;8999213
17.9;18.04;17.65;17.8;6152277
17.8;18.04;17.59;18.02;4612171
17.94;18.06;17.85;17.94;3852869
18;18.02;17.83;17.85;2186319
17.77;18.2;17.77;18.2;26413352
18.25;18.43;18.25;18.4;3473511
18.39;18.55;18.21;18.3;4191118
18.13;18.22;17.95;18.13;5580300
17.97;18.44;17.97;18.33;4149530
18.2;18.45;18.2;18.32;2365712
18.03;18.24;18.03;18.24;1077560
18.3;18.34;18.16;18.17;2596103
18.14;18.2;18.01;18.05;1871379
18.1;18.67;18.02;18.46;7185623
18.59;18.87;18.55;18.61;6330028
18.75;18.92;18.2;18.35;6174872
18.18;18.4;18.17;18.3;3882252
18.22;18.48;18.22;18.36;5034230
18.25;18.75;18.25;18.73;3350531
18.7;18.95;18.7;18.95;4020489
18.7;19;18.7;18.9;1892545
18.89;18.94;18.56;18.75;1701955
18.73;18.83;18.66;18.7;774751
18.56;18.73;18.56;18.72;1109807
18.82;18.82;18.61;18.75;1384989
18.5;18.93;18.5;18.93;1139507
18.95;19.18;18.85;19.11;1121976
19.12;19.15;18.89;18.98;1597991
19;19.17;18.85;19.09;1580854
19.19;19.25;19.05;19.09;2804973
19.05;19.39;19.05;19.25;3292207
19.42;19.54;19.25;19.46;2565958
19.28;19.43;18.96;19.42;3191540
19.47;19.58;19.21;19.3;3138416
19.35;19.53;19.22;19.49;3133493
19.37;19.48;19.07;19.19;5051806
19.17;19.74;19.1;19.52;4331655
19.5;19.6;19.35;19.36;2556424
19.4;19.46;19.07;19.21;3897065
19.17;19.38;19.15;19.22;2243668
19.58;19.9;19.25;19.71;4517647
19.87;20.33;19.7;19.86;5439399
19.87;19.95;19.5;19.6;2180106
19.87;20.1;19.73;20;2816076
19.8;20.03;19.76;19.89;1778778
19.66;19.85;19.55;19.79;2394212
19.82;19.84;19.57;19.63;2537655
19.72;19.99;19.7;19.99;1708909
19.95;20;19.72;19.84;1717663
19.84;19.85;19.25;19.5;2946270
19.41;19.97;19.41;19.84;3282898
19.71;20.14;19.71;20.09;3378205
20.09;20.49;20.09;20.44;2896154
20.31;20.49;20.27;20.44;3408718
20.38;20.49;20.14;20.49;2504150
20.51;20.95;20.41;20.57;4091023
20.65;20.85;20.43;20.59;3864471
20.59;20.85;20.51;20.84;1237574
20.75;20.95;20.7;20.94;2429192
20.95;20.99;20.7;20.8;2438433
20.87;20.95;20.45;20.7;2918285
20.6;20.66;20.46;20.47;2199787
20.5;20.77;20.5;20.53;1886515
20.45;20.65;20.13;20.56;4434113
20.6;20.72;20.18;20.4;3068041
20.4;20.65;20.3;20.4;3226846
20.5;20.8;20.44;20.7;11454371
20.65;20.68;20.15;20.25;3490591
20.37;20.58;19.97;20.08;5556430
20.12;20.34;20.02;20.16;3337995
20.26;20.4;19.99;20.06;2502191
20.05;20.25;19.61;19.99;3321982
20.2;20.42;20.13;20.39;1793655
20.22;20.64;19.92;20.04;4028702
20.12;21.51;20.12;21.51;10741191
21.35;22.3;21.05;21.71;10968953
21.29;21.6;20.86;21.5;5157373
21.43;21.43;20.85;20.91;2849093
20.98;21.15;20.56;20.85;3973790
20.94;21.7;20.72;21.6;4152657
21.6;21.6;21.32;21.35;2654167
21.58;21.58;21.03;21.22;2212032
21;21.2;20.55;20.6;2743262
20.6;21.07;20.51;20.95;2423365
20.83;21;20.5;20.83;3270602
21.03;21.11;20.64;20.83;4295804
21;21.02;20.58;20.97;3424838
20.92;21.41;20.75;21.27;2408361
21;21.22;20.93;21.05;3585625
21.05;21.5;21.05;21.25;3440222
21.35;21.6;21.06;21.55;2886613
21.66;21.69;20.9;21.09;5507806
21.13;21.79;21.08;21.69;3016532
21.53;21.74;21.31;21.5;3364739
21.5;21.59;21.23;21.45;3036087
21.49;22.02;21.48;21.72;2706617
21.55;22.02;21.55;21.63;1882985
21.5;21.54;20.81;21.05;4366189
20.95;21.19;20.63;20.69;2847641
20.64;20.7;20.16;20.7;6805119
20.79;20.94;20.61;20.94;1455415
21.13;21.47;21.06;21.15;2783542
21.02;21.25;20.82;20.85;8179303
20.95;20.95;20.57;20.9;3249420
20.99;21.69;20.99;21.24;3245087
21.2;21.47;21.06;21.19;1912403
21.19;21.45;21.14;21.26;1576657
21.11;21.33;20.89;20.95;2640102
21;21.13;20.57;20.69;3287515
20.56;20.74;20.48;20.58;3084721
20.62;21.08;20.4;20.99;1164683
20.95;21.16;20.6;21.05;2412648
20.99;21.5;20.97;21.39;2263915
21.2;21.3;20.85;20.88;4554623
20.88;21.05;20.1;20.37;3695389
20.12;20.2;19.56;19.65;4713381
19.8;20.03;19.66;19.86;2852705
19.9;19.96;19.47;19.53;2434364
19.65;20.06;19.65;20;3618813
19.7;19.85;19.27;19.65;5893914
19.54;19.63;19.1;19.56;4571028
19.61;19.81;19.53;19.62;2321435
19.52;20.31;19.52;20.05;3547018
19.92;20.2;19.75;20.07;1469583
20.22;20.43;20.05;20.28;6015765
20.4;20.65;20.35;20.44;2341652
20.46;20.5;20.16;20.21;2871909
20.51;20.61;20.28;20.44;1648994
20.59;20.96;20.5;20.68;2482575
20.39;20.45;19.92;20.13;3507993
20;20.28;20;20.16;424531
20.16;20.35;19.91;20.19;2171720
20.22;20.39;20.03;20.16;3180618
20.02;20.53;20.02;20.49;2020098
20.6;20.95;20.41;20.86;2039477
20.81;21;20.75;20.89;1106570
20.91;20.99;20.52;20.73;2048459
20.65;21;20.65;20.83;2150940
20.68;21.01;20.65;20.91;1857110
20.91;20.93;20.75;20.87;3734666
20.73;20.82;20.23;20.27;2065268
20.35;20.6;20.07;20.46;2084362
20.51;20.68;20.43;20.56;1677421
20.56;20.84;20.32;20.57;3721376
20.49;20.65;20.38;20.51;5719968
20.51;20.64;20.42;20.61;2624911
20.67;20.67;20.21;20.29;2511579
20.35;20.51;20.12;20.33;8800511
20.48;20.6;20.28;20.31;2792036
20.25;20.38;20.12;20.32;1704876
20.22;20.55;20.22;20.49;1153558
20.37;20.39;20.1;20.14;3169797
20.15;20.28;20;20;3005060
20.06;20.34;20;20.02;2153374
20;20.11;19.71;19.75;3682207
19.75;19.98;19.68;19.79;1477115
19.76;19.87;19.43;19.46;2107034
19.53;19.69;19.42;19.5;4522147
19.5;19.6;19.22;19.48;2193696
19.32;19.64;19.27;19.44;2165858
19.33;19.63;19.32;19.61;2716733
19.7;19.78;19.54;19.64;2017330
19.51;19.62;19.22;19.5;1721968
19.44;19.5;19.19;19.24;1678025
19.22;19.5;19.19;19.33;2145196
19.25;19.45;19.2;19.31;2023796
19.36;19.49;19.11;19.3;2655840
19.49;19.65;19.41;19.52;2551946
19.21;19.42;19.2;19.24;1934991
19.35;19.49;19.22;19.37;2729765
19.45;19.5;19.18;19.27;1308779
19.22;19.45;19.22;19.4;2548045
19.48;19.58;19.32;19.49;1945161
19.63;19.72;19.42;19.58;2937977
19.5;19.7;19.42;19.6;3536502
19.4;19.9;19.4;19.8;3193455
19.97;20.19;19.86;20.07;4124036
19.83;20;19.76;19.9;2534251
20;20.35;19.92;20.2;2484961
19.95;20.3;19.68;19.8;3298742
19.8;19.8;19.43;19.47;2123006
19.5;19.69;19.44;19.65;2049862
19.75;19.75;19.45;19.59;1542796
19.63;19.89;19.53;19.69;2340738
19.51;19.66;19.45;19.52;2633068
19.4;19.74;19.27;19.67;1260319
19.56;19.78;19.56;19.66;1415257
19.6;19.69;19.44;19.69;1938664
19.71;20.12;19.7;20.05;3135542
20.03;20.24;19.96;20.2;2388178
20.25;20.44;20.04;20.38;1774365
20.45;20.45;20.18;20.31;1989912
20.45;20.66;20.36;20.54;2300948
20.6;20.73;20.51;20.67;2001951
20.57;20.9;20.57;20.87;2697834
20.76;21.04;20.76;20.87;1740670
20.75;20.82;20.56;20.7;4360156
20.73;21.03;20.69;20.75;2922658
20.95;21.08;20.87;20.99;3274367
20.9;21.2;20.81;21.15;1808530
21.06;21.15;20.86;20.94;1444489
20.96;21.05;20.7;20.86;3607621
21.2;21.48;20.94;21.36;6762742
21.3;21.33;21.12;21.33;1964494
21.38;21.66;21.26;21.59;3001820
21.61;22;21.59;21.67;3650588
21.54;21.84;21.54;21.6;3173254
21.65;21.7;21.42;21.52;5107964
21.62;21.8;21.55;21.77;4942899
21.82;22.08;21.73;22.08;23517320
21.95;22.01;21.67;21.93;5432729
21.91;22.27;21.86;22.12;4049147
22.2;22.35;21.93;22.05;4400489
21.98;22;21.58;21.74;5646728
21.71;21.86;21.54;21.78;2621316
21.76;21.79;21.62;21.65;1496042
21.65;21.83;21.46;21.66;2163206
21.66;22.1;21.66;21.98;4869709
22.2;22.3;21.87;21.96;6420543
22.01;22.69;22.01;22.68;4122740
22.75;23.15;22.7;22.74;3492551
22.84;23.01;22.62;22.62;3622185
22.65;22.83;22.43;22.56;4008904
22.6;22.73;22.42;22.54;2242557
22.41;22.95;22.37;22.66;3744503
22.6;22.96;22.56;22.92;2064939
22.93;22.93;22.52;22.65;2106242
22.79;22.79;22.33;22.38;3731404
22.22;22.33;21.98;22.01;4059123
21.85;22.18;21.75;22.15;3743222
22.06;22.66;22.06;22.55;3031614
22.86;23.31;22.78;22.94;5330599
22.67;22.78;22.22;22.4;3083081
22.74;23.04;22.55;23;5027714
23.06;23.33;22.85;22.89;4453342
22.55;22.55;22.1;22.28;3399641
22.5;22.67;22.42;22.49;2572622
22.55;22.77;22.36;22.68;3025217
22.81;23.2;22.68;23.01;3660610
22.75;23.05;22.75;22.97;3430100
22.88;23.22;22.88;23.13;1405321
23.17;23.54;23.11;23.5;2120027
23.65;23.87;23.45;23.63;3290389
23.42;23.69;23.22;23.35;2565921
23.62;23.64;23.22;23.32;3030065
23.29;23.39;23.04;23.18;1999775
23.2;23.43;23.02;23.41;2351075
23.5;23.65;23.36;23.58;2035427
23.57;23.9;23.29;23.8;2350797
23.88;23.88;23.36;23.62;3138206
23.57;23.73;23.39;23.52;1757367
23.64;23.64;23.26;23.42;2113164
23.46;23.78;23.32;23.68;2869025
22.5;22.6;22.12;22.25;20616780
22.3;22.34;21.78;21.83;8888889
21.7;22.24;21.65;22.19;11678947
22.23;22.4;22.05;22.21;4456741
22.38;22.5;22.25;22.42;4061309
22.5;22.6;22.32;22.54;2452181
22.46;22.52;22.16;22.36;1629402
22.5;22.63;22.13;22.15;3061254
22.15;22.56;22.06;22.28;3329617
22.42;22.85;22.21;22.8;9749511
22.82;23;22.69;22.84;2251158
22.88;22.95;22.46;22.49;3052144
22.3;22.39;22.16;22.32;2840881
22.39;22.42;22.12;22.42;3809135
22.37;22.69;22.2;22.53;4132282
22.41;22.7;22.41;22.58;3724958
22.62;22.79;22.46;22.55;3735856
22.62;22.8;22.44;22.44;4596963
22.51;22.95;22.45;22.82;5255645
22.96;23.05;22.74;22.8;6306643
22.64;22.73;22.51;22.52;3018826
22.65;22.69;22.1;22.25;4761114
22.15;22.59;22.15;22.55;2462802
22.52;22.6;22.25;22.35;2512548
22.54;22.67;22.41;22.44;2953756
22.4;22.67;22.4;22.46;1892082
22.4;22.5;22.36;22.41;379399
22.31;22.49;22.31;22.43;1442980
22.44;22.5;22.36;22.49;905789
22.58;22.6;22.27;22.27;1269485
22.43;22.43;22.17;22.2;1032047
22.14;22.27;22.04;22.2;976866
22.2;22.58;22.15;22.35;1525905
22.32;22.48;22.26;22.3;2134611
22.09;22.58;22.05;22.43;3475167
22.38;22.76;22.38;22.6;2962085
22.6;22.84;22.55;22.8;4889890
22.79;22.83;22.63;22.73;2678470
22.83;22.83;22.37;22.39;3913727
22.41;22.68;22.2;22.36;2836549
22.5;22.77;22.43;22.76;4474892
22.75;23.05;22.68;22.96;3608822
22.97;23.19;22.94;23.07;1720166
22.91;23.04;22.69;22.99;2735339
23.15;23.27;22.87;23.04;3107036
22.85;22.98;22.67;22.7;2526016
22.5;22.77;22.5;22.65;1930587
22.54;22.63;22.37;22.48;2772751
22.54;22.77;22.38;22.57;2569496
22.67;22.85;22.62;22.72;3648553
22.87;22.89;22.57;22.79;3500528
22.94;22.94;22.5;22.58;2206942
22.7;22.93;22.63;22.85;2700326
22.95;23;22.69;22.99;2666433
22.78;23.01;22.78;22.95;2882293
22.9;23.01;22.85;22.92;2823239
23.03;23.23;22.95;23.15;3380238
23.16;23.53;23.16;23.48;3685105
23.41;23.52;23.15;23.21;3494987
23.15;23.31;22.95;23.05;2172851
22.99;23.22;22.82;23.1;2632967
23.06;23.29;22.97;23.29;3008637
23.18;23.27;23.06;23.14;2273507
23.18;23.18;22.58;22.79;7717981
22.76;22.88;22.5;22.59;3592215
22.55;22.67;22.42;22.5;4133210
22.41;22.97;22.41;22.93;4190143
22.76;22.88;22.58;22.7;3124136
22.77;22.77;22.43;22.63;3194830
22.5;22.58;22.26;22.35;4751305
22.33;22.39;22.17;22.24;2823995
22.29;22.55;22.22;22.5;4149003
22.5;22.59;22.32;22.41;2834030
22.49;22.73;22.37;22.6;2910551
22.71;22.71;22.45;22.7;3147150
22.63;22.84;22.51;22.66;2314258
22.82;23.04;22.57;23.04;3336814
23.02;23.03;22.76;22.94;3687544
22.9;23.15;22.85;23.01;4116662
22.38;22.5;21.98;22.03;19591423
22;22.04;21.81;21.85;7090716
21.99;22;21.84;21.9;3971299
21.88;21.98;21.7;21.76;4327379
21.83;21.92;21.74;21.77;5944564
21.7;21.86;21.48;21.48;5180702
21.55;21.63;21.35;21.56;4262340
21.6;21.86;21.56;21.66;3795591
21.62;21.78;21.4;21.45;1991709
21.46;21.62;21.31;21.51;2580222
21.4;21.47;21.25;21.45;3277958
21.45;21.75;21.32;21.57;3892683
21.35;21.65;21.35;21.54;2834672
21.4;21.47;20.96;21.09;6968660
21.17;21.26;20.97;20.97;5562007
20.99;21.12;20.85;20.97;4378481
20.86;20.94;20.7;20.83;3589363
20.95;20.95;20.71;20.78;3775857
20.88;20.97;20.79;20.86;3762026
20.82;21.3;20.82;21.3;6908866
21.45;21.53;21.18;21.29;3493219
21.2;21.3;21.14;21.2;4721966
21.3;21.33;20.97;21.12;4877970
21.25;21.3;21.05;21.1;3242947
21.06;21.45;21.01;21.36;3803517
21.08;21.19;20.99;21.02;4900485
20.85;20.91;20.31;20.51;4446433
20.65;20.65;20.32;20.44;4147886
20.5;20.66;20.18;20.24;3949890
20.2;20.57;20.15;20.44;3158835
20.43;20.85;20.43;20.8;4053145
20.69;20.8;20.61;20.63;3040094
20.6;20.68;20.47;20.59;2505176
20.35;20.5;20.07;20.23;3881364
20.22;20.39;19.91;20.05;4589403
19.9;20.25;19.86;20.01;3981840
20.25;20.34;20.11;20.3;2140627
20.4;20.68;20.3;20.65;4052767
20.47;20.98;20.45;20.86;4002271
20.84;21.12;20.84;21.05;1963477
20.96;21.2;20.82;20.91;2168240
20.83;21.04;20.77;20.87;2354931
20.8;21.01;20.73;20.81;2726194
20.72;20.97;20.57;20.6;2922335
20.93;21.38;20.93;21.25;4831352
21.16;21.4;21.1;21.4;3169547
21.22;21.4;21.22;21.38;1145428
21.45;21.47;21.1;21.16;2549619
21.2;21.67;21.17;21.57;3497215
21.39;21.89;21.39;21.89;2839623
21.89;21.89;21.67;21.7;2769111
21.86;21.88;21.63;21.64;2498506
21.6;21.63;21.3;21.53;2869821
21.53;21.54;21.13;21.14;4731392
21.15;21.3;21.07;21.23;15571542
20.9;21.05;20.75;20.9;3248980
20.9;21.19;20.73;21.1;1904344
21.22;21.26;20.98;21.07;8477917
21.17;21.42;21.13;21.27;3906763
21.56;21.83;21.46;21.69;9226807
21.74;21.77;21.4;21.4;4761523
21.5;21.68;21.36;21.46;2005726
21.56;21.75;21.52;21.62;2157743
21.6;21.68;21.32;21.32;3098841
21.28;21.34;21.07;21.14;4039304
21.15;21.27;21.13;21.22;3026715
21.23;21.26;20.71;20.85;6289726
20.84;20.93;20.62;20.86;4965785
20.86;21.17;20.86;20.91;4238206
21.06;21.38;20.95;21.24;3404328
21.24;21.88;21.24;21.62;6713973
21.45;21.51;21.14;21.21;4198671
21.23;21.33;21.16;21.17;2800160
21.17;21.49;21.17;21.29;4053503
21.23;21.33;21.08;21.16;3063990
21;21.11;20.93;21.06;2602293
20.82;20.87;20.7;20.75;2765628
20.68;20.91;20.67;20.84;2853987
20.85;20.97;20.85;20.9;3051922
20.85;21.15;20.85;20.96;3530884
20.79;21.15;20.78;21.03;2323258
20.91;20.98;20.84;20.9;2175534
20.87;20.94;20.77;20.87;2870953
20.87;20.97;20.7;20.78;3879760
20.6;20.71;20.02;20.52;7861846
20.62;20.77;20.53;20.66;3454061
20.69;21.14;20.69;21.04;3453234
20.95;21.11;20.85;21.02;2141576
21.03;21.43;21;21.38;3363439
21.41;21.72;21.41;21.63;5805536
21.61;21.77;21.55;21.67;2670979
21.68;21.8;21.56;21.74;2267304
21.83;22.01;21.72;22.01;4860838
22.35;22.74;22.26;22.69;8420297
22.83;23;22.53;22.89;5406134
22.83;22.89;22.49;22.65;2563964
22.65;22.76;22.28;22.55;3052165
22.58;22.58;22.32;22.36;3056899
22.41;22.61;22.41;22.51;1798612
22.59;22.7;22.49;22.68;2506700
22.74;22.75;22.53;22.61;2224780
22.52;22.61;22.36;22.4;2119646
22.45;22.69;22.35;22.66;2790638
22.7;23.13;22.6;22.95;6335375
22.91;23.14;22.91;23.01;4600862
22.85;22.95;22.73;22.73;3317031
22.79;22.8;22.44;22.52;2789940
22.43;22.67;22.29;22.62;3290767
22.71;22.82;22.52;22.7;2353988
22.66;22.73;22.53;22.65;1696195
22.59;22.69;22.42;22.43;1179578
22.35;22.69;22.35;22.61;1219709
22.75;22.85;22.57;22.67;2370023
22.54;22.67;22.32;22.44;2391428
22.34;22.5;22.19;22.23;2399950
22.2;22.43;22.1;22.43;1922592
22.35;22.48;22.26;22.31;1349099
22.21;22.29;22.06;22.06;2025867
22.02;22.15;21.88;22.04;1900901
21.84;21.98;21.72;21.79;2487822
21.92;21.94;21.4;21.45;3019685
21.26;21.82;21.1;21.7;2099369
21.8;21.85;21.4;21.41;2686138
21.3;21.69;21.25;21.6;10246043
21.65;21.95;21.64;21.85;3231288
21.73;21.92;21.58;21.62;1957994
21.65;21.98;21.65;21.96;1294097
21.99;22.51;21.89;22.39;4431778
23.99;24.01;23.54;23.74;17903151
23.71;24.16;23.43;23.62;6145275
23.6;23.87;23.44;23.48;2949250
23.5;23.63;23.25;23.25;3031637
23.25;23.36;23.01;23.17;3897853
23.2;23.49;23.11;23.23;3120249
23.17;23.5;23.17;23.36;3117151
23.3;23.58;23.21;23.39;3135642
23.13;23.45;23.1;23.2;2251969
23.29;23.6;23.25;23.6;4208560
23.35;23.5;23.06;23.2;3086665
23.05;23.12;22.84;23;2902361
23.18;23.37;23.03;23.37;2847450
23.6;24;23.6;23.98;4019177
23.95;23.95;23.62;23.65;2823893
23.8;24.57;23.8;24.45;6559371
24.4;24.4;24.11;24.34;3320042
24.5;24.63;24.28;24.4;2975911
24.4;24.58;24.37;24.57;2341384
24.61;24.93;24.43;24.93;3237109
24.52;24.87;24.49;24.57;4593102
24.3;24.53;24.17;24.3;5692535
24.29;24.29;23.87;24.13;4396808
24.13;24.35;24.1;24.13;1803219
24.25;24.72;24.25;24.52;3548777
24.42;24.52;24.15;24.4;2511588
24.4;24.7;24.18;24.21;5208200
24.2;24.63;24.05;24.63;4602795
24.55;24.65;24.36;24.51;2598988
24.5;24.55;24.02;24.04;4160370
23.9;24.05;23.64;23.66;4084920
24.08;24.22;23.6;23.66;3354728
23.5;23.85;23.5;23.55;2710216
23.5;24.12;23.5;24.06;2406968
24.24;24.24;23.63;23.68;2409158
23.7;24.05;23.7;23.92;2464029
23.82;23.98;23.56;23.62;3146848
23.53;23.84;23.48;23.73;2354931
24.03;24.45;24.03;24.45;2500619
24.4;24.65;24.36;24.46;2029805
24.34;24.67;24.21;24.61;2843717
24.82;25.27;24.58;25.1;6247467
25.05;25.12;24.8;25;3647320
24.83;25.3;24.83;25.15;2186050
25.2;25.58;25.2;25.43;4735757
25.4;25.48;25.13;25.36;2903584
25.2;25.79;25.2;25.75;3219930
25.89;26.4;25.75;26.3;3449731
26.06;26.3;25.97;26.08;3332551
25.95;26.12;25.72;25.86;2968020
26;26.14;25.6;25.72;3455834
25.52;25.79;24.95;25.17;7760221
25.43;25.59;25.17;25.35;4094181
25.54;26;25.35;25.84;3507270
25.9;25.9;25.6;25.75;1893561
26;26;25.65;25.86;1730776
25.86;25.93;25.63;25.7;1768092
25.76;25.91;25.58;25.67;1573125
25.75;25.87;25.57;25.66;3414847
25.74;25.89;25.5;25.63;1401390
25.67;25.77;25.35;25.69;3638655
25.77;26;25.65;25.94;2842612
26;26;25.67;25.88;2481066
25.83;26;25.76;25.81;1743057
25.8;27.05;25.8;27.02;9657276
26.92;27.05;26.72;26.93;3529999
26.73;26.8;26.5;26.76;2647531
26.7;27.06;26.61;26.9;2824457
26.91;27.35;26.8;26.89;3456103
26.94;27.05;26.67;26.8;2282288
26.99;27.2;26.28;26.42;5715349
26.5;26.64;26.14;26.3;4910606
26.33;26.85;26.33;26.65;5425671
26.6;26.81;26.52;26.66;2326531
26.5;26.94;26.35;26.82;2799799
26.78;27.2;26.78;27.11;2577155
27.19;27.44;27.12;27.34;2288838
27.3;27.49;26.95;27.05;1562859
27;27.37;27;27.14;1579529
27.15;27.37;27.09;27.16;936582
27.2;27.32;27.07;27.24;800125
27.01;27.21;26.55;26.61;1480808
26.79;26.91;26.65;26.87;701124
26.9;27.15;26.81;27.01;2530120
27.12;27.44;27.12;27.37;2974370
27.37;27.82;27.21;27.8;3537927
27.81;27.86;27.68;27.72;3252297
27.83;27.98;27.77;27.86;2897052
27.84;28;27.66;27.81;3030430
27.99;28.06;27.84;28;2452868
27.99;28.45;27.92;28.31;3007097
28.28;28.31;27.99;28.3;3032090
28.2;28.42;28.1;28.21;1941483
28;28.1;27.6;27.69;3558410
27.2;27.49;27.04;27.24;4678761
27.41;27.56;27.18;27.25;3295017
28;28.03;27.45;27.49;4679824
27.06;27.31;27.05;27.31;4189019
27.35;27.37;26.91;26.98;4132470
27.06;27.78;27.06;27.66;4273540
27.87;28.64;27.86;28.37;5264033
28.59;28.94;28.34;28.94;4845936
29;29.14;28.83;28.99;2758531
29.15;29.19;28.81;29.05;3331441
29;29.75;28.81;29.54;3132269
29.62;29.74;29.16;29.31;2869977
29.46;29.59;28.92;29.1;2883850
29.14;29.39;28.96;29.05;3471710
29.15;29.41;28.78;29.24;2985079
28.94;29.18;28.8;29.11;1791851
29.23;29.51;29.16;29.51;2335441
29.49;29.53;29.07;29.14;2045797
29.1;29.5;28.9;29.5;2485967
29.47;29.92;29.16;29.88;3104672
29.95;29.96;29.23;29.5;2917924
29.69;29.9;29.5;29.85;3195807
29.93;30.2;29.76;29.9;2789616
29.81;29.94;29.66;29.79;1260502
29.97;30.13;29.7;29.85;3479942
29.87;30.17;29.64;30.17;2232513
30.17;30.4;29.88;30;3439711
30.01;30.27;29.85;30.23;1892066
30.31;30.73;30.22;30.68;3373345
30.78;31.85;30.66;30.66;8096737
30.75;31.61;30.75;31.46;4544342
31.76;31.8;30.75;31.02;4987710
31.2;31.26;30.4;30.6;2861523
30.75;31.2;30.73;31.14;2879363
30.92;30.95;30.55;30.7;4315169
31.62;31.8;30.11;31.09;7183887
31.68;31.68;31.1;31.22;3983780
31.08;31.65;31.02;31.54;3373828
31.7;31.8;31.65;31.7;3187245
31.63;31.65;31.29;31.44;3208568
31.5;31.8;31.36;31.75;3549738
31.85;32.4;31.8;32.12;4247364
32.47;32.64;32.23;32.33;3615526
32.58;32.73;32.25;32.34;2585766
32.5;32.5;31.77;32.19;3217540
31.72;32.14;31.52;32.07;3757006
32.04;32.2;31.8;32.09;2177761
32.09;32.69;32.05;32.55;3067338
32.46;32.68;32.12;32.16;3040015
32.3;32.3;31.51;31.69;4344218
31.69;32.18;31.57;32.04;2250622
32.38;32.69;32.2;32.59;3000424
32.5;32.55;32.08;32.11;3302078
32.32;32.45;32.05;32.25;2017156
32.27;32.32;31.95;32.14;3218729
32.35;32.67;32.25;32.67;3088287
32.68;32.92;32.32;32.65;3059328
32.63;32.79;32.1;32.14;3071147
32;32.23;31.65;32.16;2116402
31.96;32.2;31.67;31.92;4625485
31.7;31.92;31.23;31.73;3538034
31.77;31.77;31.13;31.42;2442865
31.4;31.48;31.05;31.47;2279680
31.77;32.13;31.71;31.87;2318271
31.73;32.35;31.73;32.2;2808093
32.26;32.5;32.03;32.28;2808077
32.03;32.2;31.96;32.05;1803591
32.08;32.52;32.08;32.34;3278044
32.31;32.5;31.96;32.19;3041790
32.3;32.48;31.61;32.18;3681563
32.06;32.17;31.75;31.94;3102179
31.85;32.8;31.82;32.67;4589548
32.75;33.05;32.38;32.48;4521138
32.5;32.83;32.28;32.76;2559387
32.89;33.04;32.66;32.84;2656731
33.15;33.35;32.98;33.17;2482774
33.24;33.65;32.95;33.65;4168299
33.57;33.87;33.45;33.63;2856610
33.7;34.17;33.67;33.85;3069274
33.71;33.78;33;33.26;4627893
33.14;33.15;32.49;32.72;4231291
32.73;33.25;32.55;33.1;3880260
33.5;33.5;30.9;30.97;10544528
31.19;31.19;29.57;29.85;12599834
29.85;30.36;29.8;30.04;10966639
30;30.1;28.92;28.92;9094632
29.04;29.98;29.02;29.73;7395574
29.59;29.59;28.4;29.08;7520710
29.31;29.68;28.9;29.56;3250977
29.89;30.16;29.45;30.03;3767417
29.18;29.38;29.11;29.18;2138962
29.2;29.4;28.46;28.56;4563759
28.46;29.34;28.31;29.09;5927834
29.03;29.3;28.71;29.21;3860771
29.5;29.79;29.47;29.6;3904226
29.54;29.62;29.18;29.26;1922621
28.79;29.06;28.37;28.47;4043855
28.62;29.02;28.35;28.83;2562069
28.1;28.26;27.5;27.5;6368901
27.95;28.14;27.59;28;3703947
28.15;28.38;27.63;27.64;4824406
27.12;27.29;26.66;26.77;7514194
26.88;27.47;26.78;27.33;4518307
27.64;28.07;27.6;28.02;6041317
28.25;28.45;27.41;27.55;7332286
27.85;28.22;27.76;28.09;3822868
27.89;28.39;27.76;28.33;2981592
28.38;28.39;27.76;28.1;3524059
28.5;28.79;28.2;28.45;2029342
28.68;28.68;28.17;28.4;1610408
28.43;28.62;28.21;28.3;4958094
28.46;28.54;27.81;27.88;2320179
27.92;28.32;27.7;27.99;2064387
28.34;29.06;28.23;29.03;3497641
29.7;29.86;29.35;29.75;5127913
29.83;29.95;29.64;29.7;5392967
29.93;30.32;29.6;30.29;2561677
30.33;30.6;29.65;29.82;4144813
30;30.43;29.92;30.23;3191683
30.22;30.22;29.75;29.99;2336122
30.13;30.65;29.86;30.58;2816963
30.63;30.63;29.82;29.91;5671397
30.23;30.42;29.94;30.03;2349316
29.89;29.89;29.19;29.4;2825362
29.06;29.29;28.68;28.68;2086573
28.69;28.87;27.92;28.75;3250965
28.51;28.88;28.34;28.56;2866859
28.65;30.3;28.65;30.15;5002070
30.2;30.47;29.56;29.7;3445923
29.57;29.85;29.22;29.43;3311881
29.32;30.57;29.22;30.47;2913389
30.6;30.63;29.9;30.42;4310747
30.59;31.29;30.5;30.86;3881356
31.12;31.5;30.85;31.46;3234726
31.21;31.87;31.21;31.81;1993119
31.8;31.93;31.38;31.47;2255386
31.46;31.65;30.74;30.95;2525718
31.2;31.69;31;31.58;3398588
31.75;31.87;31.02;31.31;2668199
31.52;32.25;31.39;32;3040730
31.53;31.71;31.3;31.35;2044142
31.61;31.94;31.52;31.82;1823826
31.93;32.14;31.55;32.01;2008919
31.64;31.87;31.36;31.68;1862354
31.72;31.79;31.29;31.53;3073691
31.8;32.23;31.67;32.1;1780769
31.81;33.12;31.81;32.97;3136496
32.97;33.21;32.65;33.07;3363865
33.01;33.3;32.9;32.98;2623309
33.09;33.16;32.85;32.89;1720483
32.8;32.97;32.62;32.85;1020579
32.76;32.9;32.17;32.64;2595325
32.69;32.7;31.95;32.06;2341151
32.06;32.55;31.8;32.43;5464155
32.44;32.84;32.28;32.44;2102907
32.32;32.91;32.25;32.75;1656706
32.93;32.96;32.39;32.44;2863322
32.57;32.63;32.28;32.48;1859757
32.41;32.5;31.66;31.71;4785720
31.77;31.97;31.53;31.53;4234130
31.57;31.84;31.54;31.68;3574553
31.77;31.97;31.5;31.94;2899017
32.27;32.64;31.9;32.05;5335317
31.7;31.81;31.43;31.47;4486774
31.53;31.9;31.49;31.65;3243514
31.4;31.89;31.37;31.61;2955884
31.7;32.39;31.5;32.33;4019716
32.54;32.69;32.34;32.52;3213161
32.68;32.95;32.53;32.63;4526691
32.75;33.58;32.7;33.49;11432293
33.42;33.48;33.16;33.35;2367203
33.39;33.53;32.88;33.28;3378067
33.4;34.37;33.28;34.23;4117794
34.22;34.65;34.02;34.34;3092865
34.01;34.09;33.73;34;2773222
34.22;34.5;33.66;33.82;3534147
33.99;34.64;33.95;34.4;3726418
34.69;34.69;34.02;34.25;4517184
34.18;34.7;34.11;34.63;3727734
34.61;34.88;34.53;34.64;2406176
34.71;34.88;34.55;34.77;2829182
34.76;34.77;34.26;34.71;4929123
34.71;35.17;34.71;35.17;3265348
35.41;36.15;35.41;36.04;6979308
36.07;36.13;35.36;35.63;4010707
35.63;35.79;35.4;35.7;3645721
35.87;35.9;35.2;35.5;4175348
34.6;34.8;33.52;33.7;15070024
33.67;33.67;33;33.1;11470111
33.28;34.05;33.2;34;5875028
34.01;34.15;33.15;33.41;5300736
33.37;33.38;32.85;32.85;5142226
33;33.58;33;33.4;3027686
33.3;33.84;33.15;33.44;2964296
33.56;33.7;33.28;33.43;3259083
33.47;33.79;33.14;33.75;2351882
33.87;33.93;33.23;33.4;3030956
33.41;33.67;33.31;33.53;3405200
33.76;33.84;33.45;33.59;2720746
33.59;33.84;33.48;33.61;2931380
33.31;33.58;33.25;33.5;1722572
33.4;33.67;33.25;33.31;2535261
33.22;33.67;33.16;33.63;2665005
33.47;33.5;32.96;33.1;2821024
33.27;33.37;32.9;33.16;1774759
33.16;33.82;33.15;33.66;2022611
33.74;34.15;33.72;34.05;2845897
33.71;34.14;33.71;34.08;1549774
34.03;34.08;33.32;33.86;3030005
33.59;33.77;33.25;33.41;2705020
33.44;34.17;33.42;34.01;2962754
34.08;34.38;33.97;34.36;3702953
34.5;34.64;34.3;34.64;2692840
34.53;34.63;34.05;34.34;2637129
34.44;34.57;33.93;34.16;2969535
33.84;34.27;33.84;34.18;2602202
34.11;34.3;34.1;34.28;2124529
33.31;33.54;32.4;32.9;16164942
32.86;32.9;32;32.17;6964924
32;32.05;31.51;31.8;6381643
31.77;31.77;31.12;31.12;5919565
31.11;31.54;30.76;31.42;6443590
31.68;32.2;31.6;32.11;5277411
32.15;32.4;31.82;31.97;4224613
32.01;32.25;31;31.36;6240285
31.4;31.89;31.33;31.78;3145593
31.89;32.13;31.49;32;3353741
32.02;32.1;31.33;31.5;4587254
31.24;31.69;31.17;31.4;3955104
31.3;31.46;30.89;31.33;4105489
31.48;31.6;31.22;31.38;4166208
31.43;31.43;31;31.24;3301523
31.32;31.35;30.97;31.23;3955729
31.3;32;31.3;31.71;5514311
31.96;32.2;31.91;31.99;5178030
31.88;32.03;31.86;32.03;2762656
31.79;31.88;31.46;31.63;3106153
31.89;32.12;31.83;32.12;3408463
32.08;32.45;31.99;32.02;3793492
31.94;32;31.38;31.42;2400926
31.56;32.19;31.53;32.04;2468367
32.24;32.25;31.82;31.97;1333473
31.8;31.98;31.7;31.86;1656168
32.05;32.66;31.97;32.66;4171898
32.58;32.89;32.41;32.52;9499802
31.84;32.27;31.83;32.03;7136416
31.95;31.98;31.62;31.69;4400498
31.65;31.79;31.47;31.59;5301500
31.85;32.01;31.67;31.92;6852884
31.81;31.98;31.71;31.86;6626078
31.9;32.87;31.9;32.8;10300592
32.82;33.12;32.78;32.93;4871972
33.16;33.25;33;33.05;3488976
33.12;33.2;32.46;32.56;6521950
32.67;32.84;32.11;32.18;6857314
32.26;32.42;32.07;32.15;6404670
32.42;33.09;32.39;32.99;9364187
33.23;33.4;32.67;32.81;6207712
32.77;33.37;32.7;33;9492519
33.1;33.74;33.1;33.63;5394633
33.7;33.7;33.16;33.38;4987238
33.03;33.07;32.72;32.86;3840699
32.97;33.04;32.77;32.81;2841107
32.74;33.11;32.56;33.07;3095162
33.1;33.19;32.71;32.86;2825843
33.24;33.32;32.95;33.02;3862346
33.32;33.7;33.26;33.63;5479368
33.6;33.66;33.33;33.47;6776848
33.34;33.45;33.17;33.19;4828976
33.17;33.64;33;33.58;5002585
33.46;33.69;33;33.12;4966734
33.14;33.48;33.14;33.36;2739716
33.06;33.11;32.71;32.89;3509252
32.89;33.12;32.85;33.12;3050142
33.31;33.32;32.88;33.12;3535747
32.86;32.97;32.02;32.25;9681264
32.21;32.25;31.75;32.17;5244939
32.21;32.47;32.17;32.37;2418896
32.29;32.32;31.77;32.1;4177380
32.19;32.32;31.73;31.91;3324580
31.99;32.05;31.56;31.63;3005113
31.71;31.84;31.25;31.58;5062188
31.72;31.94;31.52;31.76;2514854
31.46;31.46;30.58;30.74;8775696
30.19;31;29.88;30.16;10161447
30.03;30.72;29.42;29.93;9409761
30.2;30.47;29.4;29.74;5626159
29.21;29.69;29;29.51;4903126
29.96;30.38;29.73;30.17;6889747
30.16;30.3;29.63;29.82;7797492
30.05;30.39;30;30.24;5960723
30.26;30.36;29.8;30.32;5996746
30.52;30.6;30.12;30.23;5431163
30.13;30.4;29.61;29.68;5823184
29.09;29.1;28.35;28.44;9307996
29.19;29.3;28.7;29.19;6335157
29.19;29.28;28.67;28.82;5110999
29.12;29.5;29.04;29.45;4209995
29.22;29.48;29.06;29.47;4602678
29.46;29.71;29.22;29.29;3780531
29.61;30.06;29.55;29.99;6686982
29.8;29.94;29.55;29.88;3767952
29.95;29.98;29.07;29.35;4115606
29.55;29.65;29.25;29.38;3406010
29.13;29.3;28.64;28.92;5099513
29.11;29.32;29.03;29.3;3615979
29.19;29.43;29.04;29.19;3219938
29.1;29.31;28.99;29.21;3169364
29.34;29.65;29.22;29.63;4081277
29.89;29.89;29.62;29.85;3749022
29.89;29.93;29.67;29.88;2669072
30;30.43;29.82;30.37;4519150
30.4;30.65;30.12;30.24;4430777
30.1;30.41;29.92;30.3;4161853
30.42;30.58;30.16;30.44;2976765
30.63;30.97;30.5;30.97;4768609
30.99;30.99;30.64;30.71;4514247
30.69;30.72;30.24;30.47;6079546
30.11;30.33;29.89;30.27;4541625
30.49;31.28;30.33;30.98;9502904
31.12;31.25;30.85;31.01;4448023
31.04;31.23;30.48;30.7;5206785
30.92;31.07;30.53;30.79;3606021
31.14;31.33;30.88;31.18;3731694
31.05;31.28;30.71;30.98;4589852
31.01;31.19;30.9;31.08;2512643
31.33;31.37;31.03;31.15;5158506
31.3;31.3;30.76;30.99;4703104
31.24;31.33;30.88;31.29;4986936
31.55;31.7;31.31;31.43;3058826
31.53;31.82;31.32;31.75;5549016
32.34;32.94;32.22;32.74;11162069
32.48;32.95;32.1;32.49;5781649
32.1;33.08;31.83;32.98;6839695
33.1;33.1;32.31;32.51;3719107
32.4;32.95;32.16;32.95;5291670
32.15;32.2;31.38;31.61;11820881
31.82;31.88;31.55;31.78;3965733
31.78;32;31.68;31.81;4823836
31.91;31.91;31.29;31.41;5527949
31.4;31.84;31.28;31.72;4378412
31.77;31.84;31.39;31.67;4585575
31.48;31.92;31.35;31.6;4629595
31.4;31.96;31.4;31.8;4224196
31.98;31.98;31.58;31.75;1052601
30.83;30.93;30.6;30.76;4147123
30.67;30.91;30.44;30.86;4120069
31;31;30.56;30.68;4764906
30.87;30.87;30.51;30.67;4929665
30.6;30.65;30.3;30.41;4438872
30.45;30.62;30.17;30.45;4349831
30.39;30.46;30.1;30.2;4819678
30.26;30.39;29.45;29.59;8707689
29.38;29.68;29.04;29.48;6525511
29.75;29.92;29.61;29.75;4038012
29.9;29.9;29.32;29.41;3982215
29.26;29.85;29.05;29.7;5662936
30.03;30.33;29.81;30.14;6147275
30.39;30.71;30.24;30.45;6581574
30.45;30.63;30.27;30.39;2947050
30.34;30.78;30.3;30.45;3665935
30.7;30.89;30.47;30.51;3070300
30.52;30.65;29.96;30.34;6314636
30.31;30.45;30.17;30.32;3682690
30;30.3;29.86;30.3;3365101
30.12;30.16;29.83;29.91;4607224
30.12;30.32;29.46;29.78;6121290
30.14;30.2;29.79;29.93;4019150
30.15;30.25;29.72;30.19;3905500
29.94;30.1;29.6;29.77;5129907
30.06;30.24;29.85;29.96;4288283
29.98;30.11;29.88;30;2792544
30;30.08;29.63;29.78;5178603
29.8;30.04;29.7;29.9;2556677
29.9;29.98;29.62;29.75;3577494
29.77;29.79;29.08;29.38;5533078
29.08;29.31;28.72;29.11;5322073
29.26;29.43;28.92;29.43;3863106
29.78;29.9;29.57;29.72;4453735
29.79;30.19;29.75;30.05;4175848
29.96;30.25;29.73;30.11;4051986
29.8;29.96;29.57;29.64;4009374
29.96;29.96;29.7;29.77;3432851
29.87;29.87;29.3;29.45;5570471
29.26;29.5;29.06;29.45;4819459
29.29;29.52;28.72;28.82;5838156
28.77;28.82;28.08;28.41;7271707
28.37;28.49;27.59;27.68;6692318
27.49;27.75;27.06;27.6;9711965
27.72;27.72;27.25;27.46;7020841
28;28.4;27.74;28.35;7956488
27.65;27.79;27.11;27.71;10152697
28.09;28.18;27.35;27.67;5935797
27.79;27.9;27;27.23;7028743
26.99;27.22;26.7;27.08;4328982
27.61;28.25;27.6;28.13;7595942
28.4;29.06;28.19;28.95;9787811
28.85;28.85;27.19;27.76;12111576
27.21;27.3;26.48;26.97;8650448
27.13;27.88;27.08;27.8;6363463
27.44;27.65;26.9;27.03;6176409
26.6;26.9;26.06;26.84;5914094
26.21;26.65;26;26.3;8324842
26.3;28.23;26.21;27.28;14870636
27.64;27.9;27.26;27.35;4860841
27.35;27.4;26.92;27.28;4705280
27.61;27.96;27.48;27.7;4966155
27.97;28.16;27.5;27.52;5183063
27.35;27.61;27.21;27.49;3194613
27.73;27.98;27.6;27.75;2314216
27.72;27.73;26.75;26.97;6417634
26.78;27.07;26.44;26.89;5816328
27.9;28.04;27.15;27.51;9419176
27.9;27.93;27.54;27.7;3887133
27.7;27.72;27.26;27.46;5087816
27.38;27.56;27.05;27.45;6358093
27.48;27.84;27.07;27.15;8174134
27.41;27.49;26.76;27.26;5021710
27.12;27.29;26.28;26.45;8317172
26.45;26.49;26.03;26.13;5822851
26.42;27.05;26.17;26.76;6857275
26.7;27.08;26.66;26.93;4608256
26.83;27.22;26.5;27.1;6161250
26.97;26.97;26.42;26.83;4926693
26.8;26.8;26.21;26.45;4774499
26.38;27.46;26.3;27.31;9785154
27.03;28.18;26.21;27.9;20332035
27.48;27.59;27.13;27.57;7310165
27.36;27.73;27.3;27.54;6363971
27.25;27.37;27.02;27.37;5805819
27;27.09;26.64;26.94;6197239
26.84;27.28;26.84;27.05;4014094
27.17;27.5;27.12;27.25;6329011
27.03;27.29;26.77;27.05;5805503
26.6;27.58;26.6;27.45;4993416
27.6;28.31;27.51;27.94;8517911
27.92;28.4;27.87;28.27;4292941
28.07;28.87;28.07;28.45;5794809
28.45;28.81;28.18;28.76;5212483
28.75;28.8;28.21;28.42;4198670
28.25;28.69;28.2;28.53;4701301
28.31;28.5;27.69;27.93;6410941
27.73;27.99;27.57;27.7;5300735
27.4;27.66;27.17;27.66;4655654
27.45;27.54;27.08;27.22;3921607
27.54;27.54;26.98;27.2;5690453
27.05;27.3;26.92;27.18;4174362
27.02;27.31;26.63;26.9;4753103
26.72;26.81;26.52;26.63;4103326
26.21;26.5;26.06;26.43;4061371
26.63;26.8;26.51;26.6;2901007
26.55;26.78;26.29;26.43;4128960
26.69;26.69;26.31;26.57;3761657
26.65;26.88;26.34;26.75;4619300
26.98;27.19;26.72;26.92;2918397
26.79;27.16;26.72;27.04;3328715
26.97;27.49;26.95;27.29;3771693
27.29;27.29;26.29;26.55;6785414
26.18;26.28;25.61;25.86;9759108
25.59;25.81;25.11;25.66;7020084
25.72;25.85;25.25;25.4;6039963
25.51;25.7;24.86;25.03;7652789
24.68;24.7;24.28;24.4;9393628
24.55;24.7;23.28;23.42;9954288
23.19;24.25;23.1;24.07;8033426
23.97;24.66;23.76;24.43;5231159
24.67;25.02;24.36;24.6;5328645
24.07;24.24;23.37;23.79;10784938
23.42;23.52;23.17;23.27;7127824
23;23;22.22;22.22;9812965
22.16;22.34;21.69;22.21;9933816
21.77;21.98;21.11;21.25;9415903
21.05;21.35;20.63;21;9413516
21;22.58;21;22.05;10318504
22.45;22.74;21.71;21.77;6689947
21.61;22.35;21.6;22.15;6082256
22.42;23.22;22.09;23.03;7883587
23.19;23.66;22.76;23.3;6439114
23.36;24.49;23.3;24.02;8996637
24.02;24.06;23.52;23.69;6617081
23.59;23.74;22.91;23.04;7093026
23.31;23.64;23.16;23.57;4956771
23.9;24.1;23.53;23.93;6674934
24.2;24.23;23.86;24.1;4466482
23.88;24.5;23.71;24.48;4349431
24.44;24.69;24.02;24.18;5101409
23.81;24.7;23.47;24.36;6370531
23.99;24.17;23.6;23.74;6947180
23.74;23.96;23.23;23.76;4728884
23.45;23.56;22.97;23.14;6796931
23.03;23.73;23.03;23.16;5615712
23.32;23.32;22.94;23.02;4023317
23.1;23.24;22.79;22.87;4864974
22.4;23.24;22.2;23.07;12751048
22.82;23.2;22.82;23.01;1026653
23.01;23.27;22.98;23.14;3053840
22.78;23.14;22.78;23.04;2116156
23.18;23.21;22.82;23.07;733594
23.17;23.38;22.72;22.81;3172568
22.66;22.86;22.56;22.77;3446165
22.79;22.95;22.16;22.33;5794972
22.14;22.44;22.01;22.11;5908102
22.2;22.44;22;22.22;5225064
22.13;22.41;21.96;22.09;5752770
22.28;22.37;21.86;21.95;6267105
22.06;22.63;21.96;22.46;6252927
22.4;22.78;22.33;22.4;4903637
22.36;22.55;21.77;21.8;4854580
21.74;22.24;21.4;21.66;8542601
21.98;21.99;21.38;21.4;6166912
21.35;21.6;20.1;20.28;11575865
19.8;19.9;18.23;18.45;14914364
17.74;20.09;17.26;19.67;19944799
20.2;20.23;18.52;18.92;13849522
19.83;20.49;19.75;20.43;11410274
20.88;20.97;20.22;20.26;8811282
19.86;20.48;19.74;20.34;6288768
20.57;21.04;20.42;20.9;6154294
20.7;21.59;20.5;21.41;11263455
21.5;21.55;20.06;20.49;11747998
20.7;20.97;20.41;20.93;10853802
21.01;21.12;20.58;20.69;4831378
20.69;20.77;19.72;19.72;7407430
19.69;19.72;19.02;19.37;9707510
19.39;19.45;18.87;18.98;5905714
19.2;19.27;18.08;18.2;10114768
18.12;18.25;17.7;17.98;7335348
18.16;18.7;17.59;18.66;8231481
18.46;19.08;18.36;18.87;6763801
19.25;19.33;18.37;18.55;7397807
18.25;18.25;17.49;17.56;13467560
17.79;17.95;17.62;17.88;4176932
17.45;18.23;17.05;17.83;11673618
17.48;17.7;17.08;17.57;9021383
17.59;17.98;17.53;17.75;6256327
17.71;18;17.27;17.41;6514388
17.72;18.69;17.72;18.25;11223968
18.61;19.1;18.52;18.92;10157402
19.08;19.08;18.54;18.8;6752386
18.79;18.94;18.34;18.39;7147922
18.4;18.5;18;18.04;7327802
17.92;17.95;17.63;17.81;5915210
17.82;18.1;17.18;17.21;7584649
17.9;18.44;17.19;18.2;12670859
18.45;18.45;17.32;17.45;8698541
17.27;17.93;17.17;17.57;11949978
17.56;17.65;17;17.06;7940571
17.16;18.01;16.98;17.74;11540588
18.49;18.78;18.09;18.52;11561479
18.46;18.46;17.45;17.77;9925774
17.87;18.65;17.51;17.69;12799472
16.89;17.34;16.57;16.88;13343931
17.23;18.57;17.04;18.45;16416177
18.69;18.98;18.12;18.39;13988143
18.47;19.29;18.1;19.29;22564231
19.9;20.35;19.75;20.22;12334443
19.92;20.05;19.32;19.57;9856688
19.62;19.97;19.35;19.5;8402447
19.63;19.75;19.36;19.45;4671908
19.37;19.61;19.17;19.6;5032375
19.59;21.21;19.48;21.21;10686129
21.63;22.1;21.42;21.69;10248154
21.67;21.67;20.72;20.84;7790275
21;21.29;20.62;20.93;6480717
21.19;21.59;21.03;21.48;5050448
21.33;21.42;21.09;21.3;4038370
21.07;21.2;20.6;20.6;5188781
20.72;20.72;19.93;20.39;6317433
20.57;20.61;19.8;19.99;4928775
19.68;20.13;19.58;19.72;5271768
19.79;20.06;19.4;19.84;4417925
20.09;20.53;19.9;20.39;5265489
20.5;20.95;20.5;20.69;4504418
20.87;21.88;20.78;21.79;8039508
21.7;21.98;20.92;21.06;7262029
20.83;21.08;20.72;20.84;4080414
20.8;20.94;20.12;20.63;6083103
20.56;20.85;20.15;20.83;3615103
21;21.7;20.91;21.33;5976421
21.31;21.81;21.31;21.7;3567730
21.45;21.66;21.3;21.49;3244806
21.59;21.76;21.33;21.65;3874978
22;22.79;22;22.63;6827033
22.49;22.66;22.33;22.49;2252129
22.31;22.34;21.79;21.96;4469638
22;22.18;21.84;21.94;5497928
21.43;21.75;21.38;21.51;5919175
21.33;21.45;20.91;21.12;5883618
21.06;21.23;20.62;20.73;4518500
20;20.1;19.25;19.56;21907563
19.54;19.87;19.03;19.5;11413254
19.47;19.67;19.02;19.24;10487906
19.48;19.56;18.95;19.13;6544213
19.11;19.4;19.07;19.19;5634250
19.1;19.17;18.81;18.84;5186976
18.95;19.05;18.36;18.42;8334320
18.2;18.91;18.2;18.77;7725467
18.66;18.79;18.33;18.33;6164894
18.6;18.7;18.45;18.57;4971014
17.81;17.95;17.58;17.69;11207135
17.86;18.17;17.75;17.84;7688726
17.84;17.9;17.07;17.16;11759550
17.3;17.36;16.91;17.01;10039425
17.1;17.1;16.62;16.82;7838687
16.71;16.95;16.54;16.87;6450705
16.9;16.97;16.42;16.68;6335589
16.02;16.13;15.34;15.34;40781769
14.2;14.78;13.82;13.86;40063631
13.78;14.27;13.54;14.01;22935121
13.86;14.26;13.73;13.81;20148335
13.93;14.25;13.52;13.58;22658104
13.52;14.27;13.45;14.17;27186239
13.97;14.1;13.71;13.72;19437794
13.84;14.03;13.63;13.71;13052343
13.71;14.02;13.71;13.85;25681755
13.72;13.81;13.22;13.31;22841837
13.12;13.41;12.94;13.18;30880856
13.22;13.86;13.08;13.38;33252740
13.46;13.65;12.67;12.78;25244496
12.66;13.25;12.57;13.02;38609983
13.4;13.97;13.12;13.97;26176673
13.74;13.83;13.17;13.26;17239501
13.24;13.63;12.93;13.41;14824174
13.48;13.49;12.85;12.98;13096804
12.99;12.99;12.18;12.37;17629305
12.49;12.96;12.3;12.47;17777377
12.25;13.27;12.17;13.22;20245272
13.39;13.48;12.84;12.89;18227635
13;13.1;12.33;12.44;13796731
12.11;12.2;11.8;12.11;17374642
12.43;12.96;12.36;12.75;14145929
12.37;13.14;12.37;12.82;16038649
12.9;12.9;11.57;11.57;31317432
11.82;12.21;11.61;11.86;10781038
11.64;11.78;11.11;11.4;14988906
11.71;12.12;11.08;12.05;16093144
12.45;13.07;12.36;13.03;22200655
12.86;14.11;12.67;14.02;17965686
14;14.36;13.64;14.1;12476135
13.71;13.96;13.11;13.66;12352581
14.06;14.68;14.01;14.67;16695182
15;15.38;14.53;14.62;15595631
14.16;14.4;13.68;14.3;13948271
14.17;14.17;13.8;13.8;6407695
13.38;13.65;12.88;13.49;14292479
13.9;13.94;13.54;13.82;8265461
13.82;14.09;13.56;13.77;9130188
13.52;14.04;13.48;13.55;8977555
13.61;13.83;13.29;13.71;9730472
14.05;14.75;13.95;14.73;14697544
14.96;15.17;14.64;14.86;10219377
14.71;15.15;14.64;14.86;7464727
14.65;14.8;14.34;14.67;7868449
14.76;15.1;14.68;15.06;4702762
15.08;15.35;14.83;15.01;7434029
14.79;14.79;13.95;13.99;11973788
14.14;14.2;13.83;14.12;7644552
14.28;14.39;14.02;14.22;5292404
14.12;14.26;13.87;14.13;4557772
13.95;13.95;13.39;13.39;7334593
13.38;13.62;13.11;13.34;8274406
13.29;13.29;12.99;12.99;5872905
13.09;13.57;13.02;13.57;5894648
13.54;13.54;13.26;13.3;3052728
13.19;13.37;12.95;13.32;5018922
13.3;13.35;13.02;13.21;5430354
12.97;14.55;12.88;14.39;21380355
14.39;14.73;14.23;14.52;9952834
14.26;14.48;14.14;14.3;4917770
14.24;15.08;14.23;14.87;11070510
14.71;14.9;14.56;14.75;6069448
14.71;14.82;14.04;14.05;8870531
13.8;14.03;13.47;13.58;13202550
14.65;15.2;14.52;14.7;17392644
14.75;15.2;14.57;14.75;11860530
14.81;14.89;14.01;14.05;14144118
13.93;13.94;13.42;13.75;10872143
14.1;14.32;13.75;14.03;9542296
13;13.13;11.92;12.74;32459789
12.35;12.5;11.25;12.08;23967330
12.68;12.81;11.68;11.78;23944203
11.6;12.53;11.34;11.4;23238063
14.15;14.4;13;14.4;42480964
14.4;15.5;13.91;13.91;16701691
13.88;14.13;13.01;13.7;11207499
14.2;14.79;14;14.4;10199288
14.27;15.4;14.1;15.34;14023654
14.8;15.49;14.22;14.4;14080720
14.4;14.4;12.5;13;17496052
12.15;13.58;12.05;13.41;12622068
13.94;13.94;13;13.82;7168731
13.95;14.96;13.82;14.5;11140253
14.61;15.62;14.5;15.39;12175229
14.2;14.58;13.66;13.85;11997521
14.5;14.5;12.96;13.9;10064519
13.07;14.2;12.57;12.75;13649076
13.25;13.72;12.76;13.01;9594183
12.2;12.26;11.15;11.44;19580898
12.78;12.84;11.44;12.05;15026356
12.5;12.79;11.86;12.21;12975033
12.3;12.3;10.8;11;10567488
10.55;10.79;9.6;10.28;16246309
10.88;10.89;10;10.48;9595118
10.79;10.8;9.9;10.45;8536317
11.25;12.45;11.08;12.1;12776964
11.8;11.91;11.34;11.61;6239407
11.9;12.05;11.1;11.66;5399274
11.2;11.5;10.11;11.37;11115445
10.63;10.96;10.08;10.1;8901369
10.53;10.56;8.54;8.75;14469285
9.62;9.8;8.8;9.22;16374483
9.57;10.32;9.31;10.32;13047561
10.28;11.48;10.02;11.24;13022698
11.4;11.5;10.94;11.36;5837254
11.35;12.15;11.2;12.13;9404926
12.1;12.1;11.56;11.79;6797498
11.24;11.7;10.9;10.9;7412502
10.9;11.45;10.69;11.35;5802507
11.6;11.84;11.18;11.2;4235762
11.01;11.02;10.15;10.44;6745439
10.59;10.59;9.68;9.75;7215680
9.75;10;9.3;9.4;6821641
10.08;10.36;9.37;9.44;8081367
9.55;9.66;8.74;8.75;8929540
8.82;8.88;8.15;8.36;10539231
8.53;8.53;7.54;7.54;12149372
7.26;7.38;6.92;7;13199461
7.03;7.49;6.77;6.88;11070003
7.69;7.75;7;7.75;13686329
7.63;8.34;7.5;8.34;11055263
8.02;8.34;7.7;8.1;6747627
8.3;8.5;8.22;8.35;4377797
8.35;8.72;8.2;8.72;5466066
8.72;8.72;8.06;8.06;5061763
7.85;8.19;7.7;8.07;5111093
8.3;8.38;7.89;8.33;4110654
8.41;9.11;8.3;9;8924441
8.95;9.05;8.3;8.61;6894446
9.15;9.74;8.92;9.51;8876922
9.38;9.94;9.21;9.8;6506977
9.8;9.98;9.51;9.8;5057541
9.8;9.89;9.6;9.61;3952724
8.91;9.09;8.44;8.89;10526097
9.2;9.2;8.46;8.46;6692539
8.46;8.81;8.22;8.64;6178842
9;9.14;8.04;8.34;7963944
8.49;8.52;7.82;8.09;7438324
7.94;8.19;7.81;7.98;10028524
8.25;8.25;7.76;7.88;5782734
7.9;8.18;7.68;7.68;5151668
7.95;7.95;7.75;7.9;1662490
8.17;8.17;7.77;8.01;3089055
8.02;8.19;7.88;8.04;3943618
8.1;8.17;8;8;1954207
8.4;8.6;8.08;8.6;3572397
8.75;8.8;8.37;8.67;4796873
8.72;8.92;8.52;8.7;5673781
8.57;8.83;8.56;8.68;4680377
8.69;8.69;8.44;8.63;2614716
8.76;9.03;8.65;8.82;5336861
8.85;9.02;8.65;8.84;3286347
8.9;8.97;8.49;8.72;4312270
8.79;8.8;7.82;8.06;7238496
8.06;8.12;7.51;7.65;7583764
8;8.6;7.91;8.29;11150881
8.5;8.68;7.52;7.75;8103491
7.82;7.95;7.12;7.21;7013678
7.38;7.98;7.23;7.55;12956680
7.95;8.15;7.45;7.62;7538906
7.89;8.05;7.27;7.58;6413771
7.59;8.82;7.59;8.82;10395009
8.81;9.21;8.56;9.1;8400758
9.15;10.06;9.14;10.06;12909938
9.63;9.98;9.22;9.92;9733993
9.81;9.84;9.21;9.54;7991209
9.11;9.348;8.66;8.92;8135665
8.981;9.336;8.76;9.255;4802617
9.249;9.75;9.11;9.529;4642476
9.11;9.3;8.848;9.201;4277433
9.249;9.83;9.149;9.501;5720911
9.252;9.64;9.21;9.4;4234643
9.19;9.419;8.88;8.91;5666152
8.75;8.816;8.477;8.75;4777696
8.61;8.671;8.26;8.331;5684477
8.44;8.75;8.22;8.224;5309592
8.18;8.499;8.13;8.164;2733965
8.111;8.13;7.63;7.816;7175346
7.9;8.07;7.521;7.753;6426274
7.88;8.18;7.8;8.02;4246013
7.9;7.939;7.2;7.28;9101928
7.5;7.711;7.16;7.16;5854194
7.08;7.58;6.95;7.46;6013322
7.81;7.86;7.311;7.458;5496054
7.719;8.09;7.572;8.087;8089827
7.9;7.996;7.572;7.79;6631237
7.54;7.55;7.18;7.23;6548099
7.23;7.489;7.021;7.093;8139813
7.15;7.15;6.8;6.99;10868220
6.921;6.94;6.53;6.62;8771289
6.749;6.75;5.9;6.11;12750009
6.35;6.35;5.917;6.19;9288162
6.13;6.9;6;6.9;12839221
6.95;7.44;6.751;6.956;9956767
6.9;7.21;6.578;7.21;7624557
7.48;7.599;7.25;7.352;7703827
7.63;7.958;7.53;7.958;9272019
7.725;8.18;7.71;8.104;7751202
8.25;8.38;7.755;8.113;4359099
8.25;8.92;8.21;8.57;11966950
8.4;8.822;8.24;8.688;12703353
8.94;9.28;8.86;9.175;8108477
9.43;9.7;8.817;9.333;9235394
9.008;9.251;8.8;9;6595863
9;9.14;8.72;9.14;4433056
9.05;9.2;8.6;9.2;4624023
8.66;8.8;7.98;7.98;10063540
8.06;8.4;7.922;8.312;5486818
8.235;8.72;8.08;8.542;6198854
8.83;9.3;8.8;9.29;7728563
9.18;9.53;9.1;9.393;5426708
9.49;9.71;8.904;9.2;6671401
9.14;9.19;8.502;8.726;6560532
8.495;9.549;8.45;9.437;9882903
9.53;9.99;9.25;9.8;6995784
10;10.685;9.95;10.685;9011768
10.21;10.74;10.12;10.4;4189971
10.58;10.705;10.135;10.705;5781491
10.73;11.07;10.62;10.955;7795274
10.6;10.7;9.91;9.95;6904380
9.878;10.15;9.27;9.711;8714885
9.9;10.315;9.48;10.24;7172407
10.01;10.39;10;10.035;3838340
10.04;10.57;10.04;10.57;3902763
10.015;10.7;9.85;10.315;4582207
10.05;10.245;9.91;10.095;4153722
10.05;10.65;10.02;10.65;4785177
10.69;11.2;10.62;11.2;7523546
11.035;11.295;10.9;11.17;4649335
11.05;11.62;11.05;11.2;5504441
11.11;11.725;11.11;11.65;5790124
11.795;12.16;11.205;11.38;8970173
11.84;12.01;11.565;11.74;6306984
11.75;11.96;11.055;11.51;7319358
11.22;11.465;10.91;11.15;7069670
11.13;11.24;10.14;10.21;10940589
9.804;10.37;9.692;10.175;7066238
10.26;10.625;10.06;10.365;5001700
10.095;10.73;10;10.73;4047723
10.83;11.08;10.72;10.72;5964676
10.72;10.97;10.665;10.765;4352663
10.525;10.695;10.35;10.48;3463673
10.51;10.76;10.5;10.575;3205647
10.69;10.69;10.35;10.6;1610521
10.66;10.66;10.27;10.5;5662320
10.35;10.455;10.13;10.35;6760350
10.2;10.295;10;10.17;3588150
10.345;10.37;10.2;10.33;5545173
10.575;10.77;10.51;10.67;4992023
10.5;10.96;10.42;10.88;6093346
11;11.05;10.61;10.85;4912159
10.885;10.99;10.64;10.64;4399120
10.75;10.96;10.64;10.775;3703810
10.665;10.75;10.5;10.555;3804471
10.67;10.92;10.61;10.795;3245842
10.955;11.3;10.8;11.05;5496878
11.025;11.2;10.82;11.2;4920002
11.03;11.07;10.85;10.95;3125776
10.86;10.9;10.5;10.56;5455701
10.5;10.64;10.25;10.27;4534395
10.225;10.325;9.827;9.99;5043230
10;10.255;9.82;10.2;4064093
10.265;10.67;10.115;10.365;7385960
10.35;10.38;9.769;9.9;6167781
9.8;9.8;9.45;9.525;5425378
9.56;9.8;9.451;9.512;8590486
9.52;9.53;8.935;9.141;13031107
9.2;9.37;9.054;9.054;5985549
9.159;9.29;9;9.24;5569827
9.18;9.275;8.8;8.876;8418930
8.9;9.16;8.88;9.108;5343976
9.23;9.381;8.98;8.98;9589082
9.09;9.14;8.82;9.1;3824383
9.067;9.067;8.801;8.967;4365950
9.05;9.167;8.858;8.858;3924090
8.8;8.898;8.652;8.771;5124759
8.75;8.929;8.66;8.75;4278160
8.801;8.9;8.695;8.75;5169273
8.699;9.197;8.62;9.197;4229110
9.3;9.5;9.215;9.4;5756030
9.4;9.81;9.356;9.786;6318278
9.763;10.145;9.675;9.99;7864864
10.05;10.095;9.929;9.929;5686396
9.95;10.065;9.905;9.98;4321652
9.92;10.065;9.81;9.963;4670387
9.989;10;9.706;9.887;4527659
9.801;10.11;9.704;10.11;5975207
10.05;10.32;9.95;10.32;5191121
10.31;10.49;10.16;10.33;4429287
10.24;10.3;10.02;10.16;4090202
10.03;10.36;10;10.32;4877580
10.35;10.365;10.025;10.32;7320815
10.275;10.285;10;10.015;6912716
10.1;10.76;10.01;10.6;9376489
10.775;11.03;10.65;10.935;8076250
10.895;11.32;10.815;11;7329666
10.955;11.325;10.955;11.085;4931521
11.01;11.45;10.75;11.32;4988109
11.14;11.485;11.065;11.395;3306380
11.28;11.49;11;11.12;5491619
11.05;11.12;10.785;11.12;3931171
11.17;11.475;11.04;11.475;4666232
11.48;11.6;11.225;11.37;3442427
11.2;11.27;10.825;10.99;4928798
10.99;11.095;10.92;11.04;2325940
10.95;11.42;10.78;11.315;4676098
11.4;11.56;11.29;11.395;3672398
11.275;11.99;11.25;11.99;7847665
12;12.29;11.97;12.28;4871177
12.09;12.42;12.055;12.42;3789369
12.45;12.845;12.32;12.595;6304230
13.48;13.48;12.9;13.055;10221099
13.11;13.44;13.1;13.25;6406236
13.05;13.11;12.91;12.92;4027972
12.965;13.05;12.46;12.46;5557935
12.35;12.75;12.12;12.62;6824983
12.56;12.69;12.45;12.57;3612252
12.535;12.93;12.32;12.93;8086269
12.96;13.045;12.865;13.03;3168133
12.935;13;12.615;12.71;4522073
12.63;13.07;12.6;12.955;6098723
12.96;13.05;12.575;12.85;4224778
12.91;12.98;12.76;12.9;3668212
12.795;12.85;12.5;12.58;4849819
12.71;12.71;12.52;12.57;4852219
12.62;13.2;12.6;13.2;6590229
13.28;13.53;13.22;13.46;6874067
13.31;14;13.25;13.86;16071926
13.755;13.99;13.635;13.75;4953165
13.97;14.2;13.83;13.945;6549737
13.95;14.5;13.945;14.3;6695784
14.135;14.555;13.91;13.945;6247769
13.79;14.26;13.75;13.97;4923302
13.835;14.35;13.665;14.33;5043010
14.395;14.54;14.1;14.39;5525822
14.4;14.655;14.18;14.28;6313491
14.38;14.46;13.82;13.865;5783332
13.76;13.8;13.31;13.605;7673256
13.595;13.89;13.35;13.725;5529535
14.2;14.83;14.035;14.8;11096233
14.73;15.06;14.56;14.7;7193415
15;15.04;14.74;14.815;4700933
14.745;14.97;14.4;14.675;5214807
14.735;15.07;14.7;14.845;6393757
14.655;14.85;14.25;14.435;7434291
14.805;15.03;14.7;15.03;6669523
15.04;15.18;14.785;14.94;4633465
15;15.135;14.625;14.885;6118698
15.04;15.13;14.9;15.125;4380189
15.1;15.1;14.65;14.785;6015990
14.81;14.85;14.005;14.565;6948342
14.4;14.68;14.265;14.605;5051603
14.8;14.995;14.605;14.67;5752548
14.75;14.75;13.96;13.97;6456266
13.98;14.065;13.385;13.65;7487413
13.375;13.495;12.8;12.85;8872368
12.65;13.58;12.535;13.4;7485736
13.69;13.785;13.005;13.105;5894176
12.935;13.49;12.76;13.37;4884469
13.19;13.225;12.67;12.98;6086415
13.245;13.765;13.195;13.6;6722560
13.475;13.73;13.2;13.63;4605958
13.76;14.155;13.675;14.05;6568754
14.3;14.65;14.265;14.61;5579661
14.55;14.685;14.36;14.5;3474206
14.925;15.66;14.925;15.31;11707705
15.25;15.375;14.9;15.19;7099624
15.11;15.165;14.94;15.075;4716199
15;15.345;15;15.165;3852486
15;15.18;14.85;14.865;4044746
15.03;15.19;14.82;14.82;3548828
14.78;14.88;14.315;14.41;6563596
14.35;14.615;14.03;14.07;8079758
14.3;14.525;14.28;14.45;4756651
14.3;14.57;14.165;14.38;3322139
14.455;14.75;14.43;14.55;3637468
14.395;14.54;13.7;13.795;7187825
13.5;14.19;13.4;14.035;5713673
14.08;14.215;13.605;13.78;6081549
14;14.16;13.935;14.13;3405235
14.135;14.16;13.76;13.9;4811346
13.96;14.15;13.78;13.905;3963487
13.8;14.07;13.63;13.875;5536524
13.72;13.865;13.6;13.635;4643653
13.575;13.69;13.17;13.22;6833423
13.24;13.5;13.095;13.095;9459301
13.23;13.565;13.18;13.515;6449476
13.6;13.745;13.27;13.27;6530231
13.5;13.59;13.25;13.4;4052329
13.48;13.52;13.235;13.295;3229763
13.305;13.59;13.27;13.52;5739832
13.36;13.43;12.875;12.9;9329059
12.695;12.75;11.96;11.98;25875701
12.08;12.24;11.92;12.185;11405642
12.2;12.25;12.01;12.1;5617438
12.195;12.34;12.105;12.23;3789488
12.25;12.295;12.165;12.17;647345
12.33;12.33;12.21;12.32;2532489
12.32;12.39;12.265;12.39;3012978
12.38;12.4;12.305;12.39;2406548
12.405;12.435;12.36;12.36;1244014
12.45;12.85;12.415;12.825;5879617
12.8;13.24;12.755;13.02;6928587
13.02;13.25;12.96;13.25;5290631
13.16;13.255;13;13.255;5328586
13.34;13.5;13.21;13.47;7160295
13.5;13.59;13.35;13.385;4309724
13.25;13.345;12.92;12.92;6268642
12.705;12.99;12.57;12.76;5825702
12.91;12.97;12.705;12.9;4973271
13.1;13.19;12.76;12.915;9034181
13.1;13.1;12.645;12.74;4758740
12.825;12.9;12.53;12.8;5670832
12.865;12.975;12.54;12.61;4997188
12.77;12.8;12.07;12.16;9208450
12.08;12.23;11.505;11.855;14525433
11.89;12.26;11.86;11.99;7191713
11.81;11.975;11.67;11.865;8533288
11.7;11.805;11.475;11.555;6832921
11.9;11.96;11.355;11.355;7508001
11.42;11.58;11.31;11.44;7795894
11.36;11.68;11.315;11.65;5623963
11.68;11.82;11.525;11.635;6427682
11.7;11.78;11.17;11.21;10186714
11.36;11.375;10.55;10.63;15836549
10.59;10.595;10.09;10.09;15687190
10.28;10.39;9.82;10.3;13199603
10.25;10.595;10.05;10.4;10608945
10.6;10.94;10.52;10.805;12608213
10.86;10.875;10.25;10.395;9378870
10.505;10.54;10.015;10.11;9160471
10.12;10.285;10;10.04;4549023
10.14;10.455;10.105;10.455;6018597
10.6;10.855;10.545;10.78;7378919
10.625;10.69;10.435;10.535;5663203
10.32;10.75;10.31;10.75;5562213
10.85;10.935;10.65;10.82;5553256
10.92;10.945;10.4;10.47;6352663
10.505;10.545;10.3;10.52;5848341
10.45;11.025;10.335;10.5;12693918
10.75;11.015;10.66;10.92;9693068
11.04;11.145;10.86;11.05;5837258
11.05;11.325;10.98;11.28;6768104
11.165;11.38;11.075;11.38;4921166
11.22;11.375;11.14;11.3;6346519
11.4;11.74;11.31;11.66;9180703
11.78;11.82;11.675;11.735;4709433
11.775;11.775;11.375;11.57;6622570
11.65;12.02;11.52;12.02;8717515
11.92;12.135;11.85;12.055;6880218
12.13;12.33;12.07;12.15;5656323
12.16;12.19;11.91;11.91;5553976
12;12.39;11.965;12.335;6992407
12.375;12.5;12.35;12.475;5081961
12.32;12.45;12.15;12.22;5052204
12.23;12.71;12.23;12.465;11509371
12.47;12.515;12.1;12.44;7173470
12.43;12.79;12.415;12.75;6932953
12.8;12.92;12.58;12.825;8237925
12.855;13.3;12.855;13.235;8530954
13.23;13.245;13.005;13.02;6184045
13.045;13.175;12.885;12.975;5009600
13.075;13.075;12.81;12.9;4934124
12.95;13.045;12.73;12.96;7021996
12.975;13.25;12.96;13.21;4749151
13.25;13.425;13.165;13.425;5438543
13.3;13.38;13.195;13.295;4722247
13.16;13.3;12.735;12.99;8883406
13.1;13.285;13.07;13.285;4921484
13.385;13.495;13.245;13.335;4954037
13.32;13.48;13.27;13.39;4203460
13.46;13.65;13.32;13.62;5805945
13.625;13.78;13.455;13.675;5756092
13.545;13.665;13.1;13.2;8702497
13.005;13.2;12.91;13.035;6161063
13.11;13.185;12.9;12.965;6742469
12.985;13.075;12.625;12.66;7341100
12.6;12.8;12.15;12.22;11221773
12.19;12.37;12.035;12.26;9667320
12.3;12.45;12.055;12.225;9369447
12.165;12.185;11.42;11.44;15238544
11.195;11.365;10.56;11.05;30496334
11.05;11.195;10.925;11.1;15220868
11.13;11.295;10.75;10.82;15686022
11.055;11.135;10.85;11.055;8718085
11.145;11.15;10.265;10.395;18063790
10.28;10.475;10;10.145;17412175
10;10.55;9.602;9.763;24975835
9.27;9.95;9.01;9.06;26396963
10.5;11.02;9.967;10.75;37566570
10.495;10.68;9.975;10.505;18258472
10.31;10.89;10.12;10.665;13067540
10.65;10.655;10.14;10.285;11889056
10.095;10.11;9.5;9.624;16878085
9.27;9.909;9.17;9.5;11225278
9.73;9.94;9.644;9.731;9717108
9.517;9.605;9.32;9.38;14800075
9.524;9.69;8.9;9.127;15957471
9.05;9.4;8.865;9.316;16010304
9.555;9.59;9.215;9.399;9183883
8.99;9.07;8.55;8.772;21622498
9;9.218;8.98;9.017;15907826
8.844;8.942;8.534;8.936;15818040
9.05;9.107;8.85;8.915;10062890
8.925;8.988;8.826;8.877;3282352
8.776;8.84;8.461;8.713;13252012
8.632;8.68;8.421;8.607;11011221
8.824;8.97;8.794;8.802;12501660
8.856;8.91;8.327;8.352;16241478
8.3;8.451;8.115;8.207;14543599
8.312;8.33;7.873;8.024;15488974
8.15;8.259;8.006;8.191;11889654
8.086;8.595;8.022;8.478;9921174
8.589;9.022;8.514;9.022;17932993
9.26;9.379;9.101;9.28;11932549
9.146;9.409;9.102;9.342;9583376
9.45;9.49;9.22;9.391;8511531
9.408;9.561;9.28;9.312;9627975
9.369;9.924;9.351;9.876;15015854
10.195;10.235;9.916;9.961;9053955
9.8;9.839;9.392;9.494;13730041
9.4;9.449;9.172;9.249;10715672
9.361;9.38;8.78;8.812;13659512
8.967;9.2;8.9;9.04;12649761
9.136;9.152;8.877;9.07;8461479
8.865;8.89;8.35;8.35;17395848
8.4;8.778;8.321;8.635;12934224
8.479;8.507;8.214;8.3;10085496
8.415;8.454;8.22;8.263;10710279
8.341;8.349;8.125;8.158;5307253
8.253;8.735;8.205;8.601;10222510
8.48;9.199;8.351;9.199;14059843
9.337;9.479;9.19;9.37;11284721
9.449;9.523;9.143;9.264;8448749
9.235;9.357;9.021;9.256;4678859
9.201;9.6;9.2;9.6;7902871
9.651;9.69;9.378;9.6;5507190
9.528;9.556;9.14;9.287;9243028
9.347;9.4;8.825;8.934;10828247
8.869;9.064;8.694;8.838;5042964
8.948;8.983;8.6;8.834;5847830
8.954;9.155;8.9;8.963;5956827
8.88;9.495;8.853;9.46;8738385
9.417;9.524;9.163;9.355;8875074
9.55;9.647;9.362;9.647;8775687
10;10.83;10;10.625;22788868
10.64;11.025;10.545;10.755;10970949
10.68;10.87;10.525;10.57;7237502
10.555;10.62;10.36;10.51;6895614
10.65;10.9;10.585;10.9;5991083
10.91;10.94;10.675;10.81;4431700
10.865;10.92;10.505;10.895;6120516
10.89;11.3;10.82;11.01;8721863
11.09;11.35;10.89;10.995;6876610
11.16;11.26;11.08;11.24;4570220
11.145;11.185;10.93;10.98;4343804
10.89;10.89;10.445;10.455;5708024
10.4;10.415;10.07;10.2;7287301
10.345;10.42;10.035;10.305;5654953
10.33;10.355;10.06;10.27;3676750
10.35;10.59;10.24;10.585;4409132
10.53;10.6;10.38;10.555;3862127
10.61;10.695;10.2;10.22;5620157
10.205;10.3;9.973;10.025;6437756
10.03;10.335;10.005;10.165;4242261
10.075;10.095;9.855;10.045;6558089
10.01;10.21;9.665;9.9;7813218
10.36;10.49;10.12;10.17;6729638
10.1;10.34;10.02;10.245;4790005
10.36;10.375;10.17;10.185;3420751
10.01;10.05;9.795;9.945;11019737
10.025;10.48;9.86;10.4;14394618
10.37;10.62;10.28;10.54;7796914
10.59;11.015;10.54;10.885;9044338
10.97;11.045;10.88;10.945;3898030
10.85;10.89;10.52;10.64;7521312
10.505;10.54;10.01;10.46;13112494
10.4;11.125;10.32;10.94;13019404
10.72;10.99;10.65;10.96;9913992
11.25;11.735;11.235;11.59;17630478
11.58;11.73;11.46;11.685;7200360
11.64;11.73;11.265;11.525;8909986
11.545;11.565;11.165;11.195;6062414
11.37;11.54;11.005;11.25;14391432
11.455;11.675;11.255;11.675;9686167
11.47;11.955;11.45;11.8;11455178
11.81;11.905;11.54;11.61;10046336
11.72;11.795;11.175;11.395;9142644
11.36;12.025;11.35;11.965;11489824
12.035;12.1;11.86;12.03;6798354
11.975;12.265;11.83;12.08;8899909
12.18;12.28;11.795;11.875;7294986
11.765;11.82;11.46;11.465;12704224
11.555;11.72;11.335;11.53;8589652
11.475;11.64;11.265;11.515;5674514
11.43;11.905;11.355;11.87;5772129
11.935;12.195;11.89;11.955;8461969
11.975;12.04;11.765;11.91;4203302
11.945;11.945;11.575;11.64;6027238
11.7;11.775;11.55;11.715;3443458
11.56;11.77;11.51;11.73;4544807
11.68;11.765;11.535;11.66;7074368
11.66;11.68;11.235;11.46;10261995
11.47;11.58;11.29;11.47;6601691
11.355;11.71;11.355;11.665;4502666
11.65;11.95;11.625;11.74;6528433
11.625;12;11.62;11.965;5101564
11.96;12.15;11.91;12.02;6769998
11.95;12.14;11.935;12;5636183
12.135;12.135;11.86;11.91;3990856
11.85;11.975;11.735;11.95;3713502
11.87;11.985;11.765;11.81;3856512
11.9;12.03;11.815;11.92;3278867
11.885;11.94;11.685;11.775;4891115
11.905;11.945;11.63;11.745;3307934
11.69;12;11.66;11.965;4961733
12.02;12.15;11.845;11.88;4663592
12.1;12.5;12;12.465;9409718
12.485;12.6;11.96;12.14;10119771
12.1;12.18;11.955;12.085;6367771
12.04;12.29;11.97;12.225;5375319
11.955;12;11.58;11.66;12755859
11.985;11.99;11.09;11.385;11929822
11.12;11.77;11;11.58;12950926
11.52;11.63;11.385;11.525;4972199
11.39;11.395;10.96;11;9260981
10.97;11.135;10.915;11.06;7422176
11.16;11.31;11.04;11.12;8068205
11.14;11.155;10.87;10.99;7046637
11.185;11.2;10.47;10.575;9448205
10.475;10.48;10.1;10.125;11207181
10.16;10.3;9.97;10.195;9654907
10.3;10.355;10.035;10.16;5551348
10.105;10.105;9.803;10.06;11140208
10.165;10.345;9.7;9.7;12495866
9.78;9.849;9.28;9.441;17573136
9.515;9.948;9.451;9.836;12708505
9.985;10.155;9.614;10.115;12158211
10.13;10.24;9.941;10.18;7266300
10.205;10.22;9.869;9.95;6465681
10;10.11;9.829;10.04;6075043
9.935;10.245;9.862;10.195;6611750
10.3;10.6;10.28;10.565;9478678
10.655;10.69;10.425;10.52;8334068
10.6;10.69;10.55;10.625;4174228
10.615;10.7;10.51;10.665;3974085
10.605;10.61;10.32;10.39;7417387
10.435;10.435;10.16;10.35;5550162
10.38;10.4;10.055;10.09;9349574
9.94;10.09;9.67;9.88;12822497
9.902;9.989;9.806;9.963;6551862
9.984;10.01;9.893;9.949;4578343
9.94;9.949;9.812;9.82;3426829
9.801;9.85;9.768;9.78;1062021
9.77;9.8;9.53;9.586;3263205
9.625;9.735;9.62;9.662;2831425
9.7;9.749;9.595;9.619;2551419
9.62;9.682;9.551;9.601;3501127
9.694;9.694;9.504;9.504;1148949
9.719;9.875;9.65;9.839;5332402
9.872;10.15;9.85;10.055;7400327
10.01;10.1;9.824;10.1;6903851
10.11;10.175;9.871;9.9;7595516
9.9;9.94;9.68;9.68;8971108
9.638;9.638;9.31;9.399;11267753
9.67;9.679;9.474;9.621;9102105
9.661;10.215;9.654;10.18;14069438
10.22;10.57;10.07;10.4;12224952
10.32;10.44;10.27;10.375;6391231
10.4;10.43;10.225;10.41;4534585
10.45;10.67;10.445;10.575;7971768
10.655;10.71;10.495;10.615;6369274
10.565;11.02;10.475;10.895;12355193
10.93;11.46;10.925;11.255;13191899
11.47;11.475;11.005;11.15;7924828
11.21;11.24;10.8;10.935;7153188
11;11.06;10.68;10.72;8750225
10.71;11.05;10.555;10.965;8043773
11.03;11.315;10.87;10.95;11743136
10.855;11.065;10.69;10.79;7031798
10.925;10.97;10.65;10.93;9177267
11.015;11.155;10.95;11.045;7848887
11;11.04;10.78;10.93;5578905
10.995;11.195;10.89;10.96;7165075
11.01;11.52;11.01;11.445;14046436
11.365;11.835;11.295;11.82;12731185
11.8;11.915;11.585;11.68;10219687
11.605;11.7;11.36;11.605;7766698
11.555;11.72;11.335;11.565;6286086
11.615;11.745;11.42;11.475;6444090
11.46;11.775;11.41;11.66;8204676
11.765;12.25;11.695;12.215;17034216
12.155;12.48;12.08;12.17;13229896
12.175;12.335;11.92;12.21;7804158
12.18;12.185;11.9;11.97;7417546
11.785;11.825;11.55;11.63;9675331
11.605;11.925;11.6;11.775;11710972
12.15;12.49;11.925;12.39;23287361
12.4;12.78;12.37;12.655;11684508
12.57;12.92;12.535;12.72;8927303
12.735;12.9;12.29;12.385;11951641
12.14;12.335;12.115;12.15;8799112
12.24;12.45;12.02;12.115;9336371
12.2;12.315;11.93;11.99;8037848
11.92;12;11.755;11.78;9368240
11.825;11.99;11.705;11.99;9314357
11.995;12.02;11.66;11.69;11108968
11.6;11.71;11.515;11.665;7649488
11.54;11.94;11.505;11.66;12073563
11.645;12.34;11.63;12.05;16965396
11.64;11.885;11.34;11.615;18023305
11.665;11.815;11.21;11.285;14554589
11.33;11.405;10.975;11.28;18308296
11.4;11.42;11.12;11.22;13669785
11.455;11.59;11.35;11.58;8289297
11.58;11.9;11.545;11.8;13688194
11.76;11.845;11.575;11.815;8329664
11.705;11.97;11.65;11.935;7118322
12.19;12.285;12.05;12.175;10903207
12.115;12.23;12.03;12.175;6239318
12.33;12.375;11.98;12.08;9586075
12.2;12.245;11.83;12.01;8228374
12.04;12.085;11.56;11.58;11753714
11.715;11.975;11.585;11.975;11066153
11.94;12.07;11.675;11.715;7274924
11.73;11.735;11.365;11.59;9566042
11.55;11.73;11.27;11.61;14622790
11.595;12.07;11.595;11.82;12767648
11.95;12.04;11.81;11.86;6861541
11.845;11.945;11.61;11.78;4903321
11.695;11.82;11.6;11.7;6761546
11.765;11.9;11.61;11.745;6029490
11.695;11.75;11.365;11.47;9171338
11.49;11.525;11.215;11.255;8304027
11.2;11.24;10.615;10.705;18754452
10.735;10.81;10.52;10.65;8380996
10.9;10.99;10.76;10.81;8920129
10.865;11.08;10.755;10.835;7551477
10.8;10.985;10.67;10.815;6921967
10.785;11.165;10.715;11.045;9116864
11.15;11.35;11.12;11.315;8667513
11.33;11.39;11.19;11.24;5421712
11.355;11.37;11.205;11.265;2967423
11.15;11.25;11.08;11.12;8522414
11.17;11.365;10.975;11.02;11408173
11.1;11.1;10.755;10.8;9517492
10.805;11.08;10.755;11.035;9210257
10.925;10.93;10.685;10.75;10417695
10.75;11.14;10.655;11.07;11237710
11.09;11.21;11;11.015;7195673
10.82;11.18;10.81;11.08;11145893
11.32;11.37;11.015;11.07;10106234
10.85;10.965;10.705;10.93;9491065
10.83;11.02;10.74;10.76;7882282
10.91;10.945;10.715;10.81;6212077
10.86;11.04;10.69;10.88;8429199
10.985;11.12;10.805;10.85;10283100
10.6;10.66;10.515;10.53;11359645
10.55;10.63;10.49;10.5;6821153
10.45;10.8;10.45;10.74;11679076
10.335;10.62;10.18;10.25;15672241
10.6;10.78;10.485;10.6;19947998
10.59;10.655;10.39;10.435;6087192
10.555;10.69;10.55;10.62;8652699
10.62;10.72;10.465;10.53;7321373
10.395;10.575;10.29;10.355;7037516
10.4;10.615;10.265;10.58;9134931
10.47;10.51;10.245;10.285;8324836
10.4;10.475;10.315;10.33;9675663
10.29;10.36;10.225;10.23;9291808
10.22;10.3;10.03;10.195;9377718
10.21;10.285;10.01;10.065;9508581
10.07;10.14;10;10.01;3833935
10.105;10.215;10.07;10.155;6853516
10.015;10.065;9.882;9.903;11410694
9.779;9.89;9.501;9.867;20010512
9.781;10.14;9.69;10.1;22206291
10;10.04;9.873;10;10573865
10.06;10.325;10;10.325;9380661
10.355;10.405;10.185;10.255;6263014
10.19;10.19;9.785;9.87;13391342
10.07;10.085;9.609;9.669;16142095
9.621;9.78;9.522;9.638;8790608
9.84;10.04;9.792;9.981;14607669
10.05;10.35;10.035;10.165;13098242
10.235;10.39;10.1;10.37;9266430
10.37;10.815;10.32;10.795;13604916
10.8;10.8;10.525;10.65;6987527
10.625;10.65;10.285;10.345;12496287
10.275;10.29;9.674;9.84;27973091
9.9;10.185;9.71;9.871;15924466
9.971;9.989;9.441;9.472;22817424
9.41;9.41;8.7;8.746;30838924
8.599;8.949;8.2;8.903;34217566
8.817;9.08;8.7;8.961;21839934
8.8;8.965;8.715;8.746;14051309
8.72;8.732;8.457;8.478;17092955
8.49;8.5;8.175;8.175;13370431
8.264;8.548;8.23;8.429;13720811
8.619;8.874;8.501;8.818;17316238
8.858;9.399;8.7;9.305;27103027
9.6;9.73;9.305;9.435;21033082
9.245;9.3;8.879;8.914;16954377
8.942;9.076;8.724;8.881;11079400
8.792;8.812;8.588;8.7;10349477
8.548;8.872;8.5;8.826;14005468
8.505;8.678;8.451;8.618;13826232
8.989;8.99;8.24;8.281;14615772
8.231;8.403;7.995;7.995;20132547
7.771;7.885;7.375;7.47;30955974
7.7;7.755;7.052;7.142;25645893
6.847;7.686;6.8;7.159;35195710
7.093;7.639;6.755;6.755;28133343
6.849;7.07;6.451;6.886;28838689
7.125;7.2;5.63;6.073;42331166
6.535;6.597;5.677;6.385;45904355
6.58;6.616;6.12;6.519;20714000
6.697;6.79;6.52;6.735;6940940
6.73;6.799;6.54;6.781;8121357
6.751;6.93;6.62;6.718;6927173
6.657;6.666;6.09;6.228;11819795
6.215;6.422;6.02;6.122;14349467
6.18;6.339;6;6.022;9932136
6.145;6.223;6.01;6.058;8456114
6.128;6.265;6.051;6.212;6955823
6.51;6.902;6.372;6.511;14999414
6.52;6.647;6.28;6.419;9175746
6.6;6.707;6.422;6.635;5697353
6.9;6.9;6.512;6.568;6828564
6.568;6.821;6.505;6.821;7427774
6.79;6.818;6.487;6.679;13131405
6.533;6.539;6.14;6.186;10909230
6.052;6.083;5.76;5.845;10893524
5.75;5.863;5.439;5.569;18565606
5.73;5.78;5.628;5.747;8130431
5.8;5.98;5.685;5.858;8628010
5.8;5.8;5.353;5.403;12014220
5.11;5.148;4.65;4.828;15958395
5.1;5.189;4.59;5.153;17589684
4.99;5.442;4.85;5.216;18985105
5.299;5.9;5.173;5.523;15005873
5.78;5.789;4.917;4.917;51405277
4.99;4.996;4.8;4.883;21622733
4.79;4.98;4.7;4.78;11992958
4.9;4.9;4.57;4.666;12152276
4.535;4.637;4.21;4.223;17376617
4.43;4.484;4.011;4.425;19783383
4.347;4.78;4.202;4.587;14246382
4.8;5.19;4.705;5.188;17084075
5.161;5.38;4.975;5.175;16632421
5.16;5.594;5.11;5.401;17549727
5.489;5.568;5.035;5.23;12835141
5.058;5.097;4.851;5.029;7418520
4.88;4.96;4.62;4.702;10721990
4.94;5.204;4.89;5.167;10588903
5.3;5.498;5.15;5.439;15628017
5.43;5.549;5.25;5.36;12748107
5.41;5.479;5.105;5.38;10074978
5.45;5.466;5.225;5.44;9378860
5.313;5.698;5.3;5.6;12565379
5.633;5.747;5.183;5.282;14384226
5.27;5.32;5.06;5.197;9225701
5.39;5.4;5.01;5.085;9066807
5;5.011;4.8;4.919;8904610
5.05;5.124;4.967;4.993;7363508
4.859;5.055;4.65;4.66;11724719
4.719;4.85;4.671;4.843;9910538
5;5.048;4.834;4.977;8914359
4.99;5.089;4.822;4.919;9396460
4.884;5.043;4.8;4.872;9038850
5.5;5.996;5.25;5.942;39777424
6.039;6.29;5.863;6.16;24668830
6.082;6.082;5.612;5.676;15637112
5.25;5.302;4.894;4.965;23760114
5.09;5.228;4.866;4.984;16521853
4.85;5.408;4.75;5.278;20016141
5.49;5.51;5.021;5.234;12066591
5.155;5.243;5.025;5.104;9560777
5.12;5.237;5.077;5.146;9489940
5.33;5.35;4.928;5.016;10945426
4.766;5.04;4.7;4.9;15239793
4.922;4.99;4.812;4.898;7613044
5.04;5.048;4.79;4.84;8245475
4.77;4.817;4.615;4.63;7785154
4.61;4.794;4.575;4.648;5904911
4.573;4.639;4.417;4.429;9681651
4.4;4.463;4.302;4.375;5890094
4.4;4.41;4.125;4.134;6882534
4.2;4.247;4.011;4.024;9386823
4.01;4.17;3.98;3.98;11503013
4.011;4.143;3.99;4.026;9698792
4.08;4.14;4.004;4.075;6414030
4.195;4.453;4.165;4.437;10236557
4.425;4.458;4.168;4.387;8027494
4.281;4.754;4.26;4.754;12959977
4.773;4.782;4.539;4.572;8537403
4.639;4.903;4.639;4.8;12686221
4.95;5.091;4.925;5.06;11412272
4.859;5;4.746;4.9;11408076
5.04;5.105;4.736;4.814;10825565
4.899;4.92;4.552;4.605;8792890
4.55;4.86;4.4;4.795;9410277
4.8;4.89;4.56;4.57;8083915
4.551;4.674;4.415;4.529;9230186
4.5;4.59;4.213;4.225;8172451
4.15;4.3;4.025;4.04;16243365
4.09;4.217;4.04;4.043;12669898
4.06;4.147;4.041;4.043;4976998
4.134;4.331;4.059;4.324;7656781
4.45;4.53;4.181;4.232;9131200
4.251;4.385;4.235;4.38;5850198
4.45;4.49;4.369;4.416;4195726
4.42;4.429;4.264;4.332;3397238
4.31;4.34;4.2;4.2;3616822